-- --------------------------------------------------------
-- Host:                         127.0.0.1
-- Server version:               8.0.28 - MySQL Community Server - GPL
-- Server OS:                    Win64
-- HeidiSQL Version:             12.0.0.6468
-- --------------------------------------------------------

/*!40101 SET @OLD_CHARACTER_SET_CLIENT=@@CHARACTER_SET_CLIENT */;
/*!40101 SET NAMES utf8 */;
/*!50503 SET NAMES utf8mb4 */;
/*!40103 SET @OLD_TIME_ZONE=@@TIME_ZONE */;
/*!40103 SET TIME_ZONE='+00:00' */;
/*!40014 SET @OLD_FOREIGN_KEY_CHECKS=@@FOREIGN_KEY_CHECKS, FOREIGN_KEY_CHECKS=0 */;
/*!40101 SET @OLD_SQL_MODE=@@SQL_MODE, SQL_MODE='NO_AUTO_VALUE_ON_ZERO' */;
/*!40111 SET @OLD_SQL_NOTES=@@SQL_NOTES, SQL_NOTES=0 */;


-- Dumping database structure for loan
CREATE DATABASE IF NOT EXISTS `loan` /*!40100 DEFAULT CHARACTER SET utf8mb4 COLLATE utf8mb4_0900_ai_ci */ /*!80016 DEFAULT ENCRYPTION='N' */;
USE `loan`;

-- Dumping structure for table loan.aboutus
CREATE TABLE IF NOT EXISTS `aboutus` (
  `abid` int NOT NULL AUTO_INCREMENT,
  `about` text NOT NULL,
  PRIMARY KEY (`abid`)
) ENGINE=InnoDB DEFAULT CHARSET=latin1;

-- Dumping data for table loan.aboutus: ~0 rows (approximately)
DELETE FROM `aboutus`;

-- Dumping structure for table loan.additional_fees
CREATE TABLE IF NOT EXISTS `additional_fees` (
  `id` int NOT NULL AUTO_INCREMENT,
  `get_id` varchar(200) NOT NULL,
  `tid` varchar(200) NOT NULL,
  `fee` varchar(200) NOT NULL,
  `Amount` varchar(200) NOT NULL,
  PRIMARY KEY (`id`)
) ENGINE=InnoDB AUTO_INCREMENT=28 DEFAULT CHARSET=latin1;

-- Dumping data for table loan.additional_fees: ~6 rows (approximately)
DELETE FROM `additional_fees`;
INSERT INTO `additional_fees` (`id`, `get_id`, `tid`, `fee`, `Amount`) VALUES
	(20, '1', 'Loan=1907598678', 'dddd', '7888'),
	(21, '2', 'Loan=21319580', 'Late Payment', '4000'),
	(22, '3', 'Loan=21319580', '', ''),
	(23, '5', 'Loan=21319580', 'Late Payment', '2000'),
	(26, '6', 'Loan=21319580', 'Late Payment', '200'),
	(27, '6', 'Loan=21319580', 'Fine', '128');

-- Dumping structure for table loan.attachment
CREATE TABLE IF NOT EXISTS `attachment` (
  `id` int NOT NULL AUTO_INCREMENT,
  `get_id` varchar(200) NOT NULL,
  `tid` varchar(200) NOT NULL,
  `attached_file` text NOT NULL,
  `date_time` timestamp NOT NULL DEFAULT CURRENT_TIMESTAMP ON UPDATE CURRENT_TIMESTAMP,
  PRIMARY KEY (`id`)
) ENGINE=InnoDB AUTO_INCREMENT=4 DEFAULT CHARSET=latin1;

-- Dumping data for table loan.attachment: ~3 rows (approximately)
DELETE FROM `attachment`;
INSERT INTO `attachment` (`id`, `get_id`, `tid`, `attached_file`, `date_time`) VALUES
	(1, '1', 'Loan=1907598678', 'document/4887_File_cryptos documentation.docx', '2017-05-01 12:11:34'),
	(2, '2', 'Loan=21319580', 'document/2782_File_Email.docx', '2017-05-10 16:56:55'),
	(3, '5', 'Loan=21319580', 'document/2045_File_Marksheet Management System.docx', '2017-05-13 13:45:57');

-- Dumping structure for table loan.backup
CREATE TABLE IF NOT EXISTS `backup` (
  `id` int NOT NULL AUTO_INCREMENT,
  `tracking_id` varchar(200) NOT NULL,
  `amount` varchar(200) NOT NULL,
  `address` text NOT NULL,
  `date_time` timestamp NOT NULL DEFAULT CURRENT_TIMESTAMP ON UPDATE CURRENT_TIMESTAMP,
  PRIMARY KEY (`id`)
) ENGINE=InnoDB AUTO_INCREMENT=19 DEFAULT CHARSET=latin1;

-- Dumping data for table loan.backup: ~4 rows (approximately)
DELETE FROM `backup`;
INSERT INTO `backup` (`id`, `tracking_id`, `amount`, `address`, `date_time`) VALUES
	(10, 'Cryptos?rid=782752', '0.1', '134N7BmQZHSj2WU7kUaN8fFada32GpBXbg', '2017-04-03 14:37:40'),
	(11, 'Cryptos?rid=782752', '0.1', '134N7BmQZHSj2WU7kUaN8fFada32GpBXbg', '2017-04-03 15:14:12'),
	(15, 'Cryptos?rid=782752', '0.1', '134N7BmQZHSj2WU7kUaN8fFada32GpBXbg', '2017-04-03 16:30:28'),
	(18, 'Cryptos?rid=782752', '0.15', '134N7BmQZHSj2WU7kUaN8fFada32GpBXbg', '2017-04-03 17:59:36');

-- Dumping structure for table loan.banner
CREATE TABLE IF NOT EXISTS `banner` (
  `banaid` int NOT NULL AUTO_INCREMENT,
  `bannar` text NOT NULL,
  PRIMARY KEY (`banaid`)
) ENGINE=InnoDB AUTO_INCREMENT=4 DEFAULT CHARSET=latin1;

-- Dumping data for table loan.banner: ~0 rows (approximately)
DELETE FROM `banner`;
INSERT INTO `banner` (`banaid`, `bannar`) VALUES
	(3, 'bannar/sld2.jpg');

-- Dumping structure for table loan.battachment
CREATE TABLE IF NOT EXISTS `battachment` (
  `id` int NOT NULL AUTO_INCREMENT,
  `get_id` varchar(200) NOT NULL,
  `tid` varchar(200) NOT NULL,
  `attached_file` text NOT NULL,
  `date_time` timestamp NOT NULL DEFAULT CURRENT_TIMESTAMP ON UPDATE CURRENT_TIMESTAMP,
  PRIMARY KEY (`id`)
) ENGINE=InnoDB AUTO_INCREMENT=6 DEFAULT CHARSET=latin1;

-- Dumping data for table loan.battachment: ~5 rows (approximately)
DELETE FROM `battachment`;
INSERT INTO `battachment` (`id`, `get_id`, `tid`, `attached_file`, `date_time`) VALUES
	(1, '1', 'Loan=1907598678', 'bdocument/5605_File_Below is the screenshot of the welcome mail sent to me when I registered with namecheap.docx', '2017-05-01 17:30:28'),
	(2, '1', 'Loan=1907598678', 'bdocument/2630_File_Below is the screenshot of the welcome mail sent to me when I registered with namecheap.docx', '2017-05-01 17:32:52'),
	(3, '2', 'Loan=1907598678', 'bdocument/6815_File_cryptos documentation.docx', '2017-05-01 17:38:20'),
	(4, '3', 'Loan=21319580', 'bdocument/2739_File_INTRODUCTION TO NIGERIA SOCIAL LIFE AND EARLY CIVILIZATION.docx', '2017-05-01 19:35:25'),
	(5, '4', 'Loan=21319580', 'bdocument/4525_File_ESTHER.docx', '2017-05-13 13:32:51');

-- Dumping structure for table loan.borrowers
CREATE TABLE IF NOT EXISTS `borrowers` (
  `id` int NOT NULL AUTO_INCREMENT,
  `fname` varchar(200) NOT NULL,
  `lname` varchar(200) NOT NULL,
  `email` varchar(200) NOT NULL,
  `phone` varchar(200) NOT NULL,
  `addrs1` text NOT NULL,
  `addrs2` text NOT NULL,
  `comment` text NOT NULL,
  `account` varchar(200) NOT NULL,
  `balance` varchar(200) NOT NULL,
  `image` varchar(200) DEFAULT NULL,
  `date_time` timestamp NOT NULL DEFAULT CURRENT_TIMESTAMP ON UPDATE CURRENT_TIMESTAMP,
  `status` varchar(200) NOT NULL,
  `idNumber` varchar(45) DEFAULT NULL,
  `maritalStatus` varchar(45) DEFAULT NULL,
  `powName` varchar(45) DEFAULT NULL,
  `position` varchar(45) DEFAULT NULL,
  `powAddress` varchar(45) DEFAULT NULL,
  `powTown` varchar(45) DEFAULT NULL,
  `powContact` int DEFAULT NULL,
  `powEmail` varchar(45) DEFAULT NULL,
  `nokName` varchar(45) DEFAULT NULL,
  `nokEmail` varchar(45) DEFAULT NULL,
  `nokContact` int DEFAULT NULL,
  `nokRelationship` varchar(45) DEFAULT NULL,
  `nokResidence` varchar(45) DEFAULT NULL,
  `nokIdNumber` varchar(45) DEFAULT NULL,
  `iName` varchar(45) DEFAULT NULL,
  `iDob` date DEFAULT NULL,
  `iContact` int DEFAULT NULL,
  `iResidence` varchar(45) DEFAULT NULL,
  `iIdNumber` varchar(45) DEFAULT NULL,
  `salutation` int DEFAULT NULL,
  `proffession` int DEFAULT NULL,
  PRIMARY KEY (`id`),
  KEY `borrowers_salutations_idx` (`salutation`),
  KEY `borrowers_proff_idx` (`proffession`),
  CONSTRAINT `borrowers_proff` FOREIGN KEY (`proffession`) REFERENCES `proffession` (`pid`),
  CONSTRAINT `borrowers_salutations` FOREIGN KEY (`salutation`) REFERENCES `salutations` (`sid`)
) ENGINE=InnoDB AUTO_INCREMENT=37 DEFAULT CHARSET=latin1;

-- Dumping data for table loan.borrowers: ~4 rows (approximately)
DELETE FROM `borrowers`;
INSERT INTO `borrowers` (`id`, `fname`, `lname`, `email`, `phone`, `addrs1`, `addrs2`, `comment`, `account`, `balance`, `image`, `date_time`, `status`, `idNumber`, `maritalStatus`, `powName`, `position`, `powAddress`, `powTown`, `powContact`, `powEmail`, `nokName`, `nokEmail`, `nokContact`, `nokRelationship`, `nokResidence`, `nokIdNumber`, `iName`, `iDob`, `iContact`, `iResidence`, `iIdNumber`, `salutation`, `proffession`) VALUES
	(33, 'Bruno', 'Pamela', 'jexu@mailinator.com', 'Martina', 'Macey', 'Lael', '', '', '0', NULL, '2022-08-02 18:39:42', 'Pending', '576', '1', 'Keegan', 'Joshua', 'David', 'Kane', 780, 'zafosemur@mailinator.com', 'Colette', 'hebiwe@mailinator.com', 631, '2', 'Ila', '172', 'Jemima', '2000-07-27', 618, 'Alice', '999', NULL, NULL),
	(34, 'Silas', 'Clio', 'bukoba@mailinator.com', 'Leroy', 'Noel', 'Kennedy', '', '', '0', NULL, '2022-08-03 16:21:50', 'Pending', '845', '1', 'Arsenio', 'Ryan', 'Anastasia', 'Chester', 808, 'jiloxat@mailinator.com', 'Tashya', 'lymaz@mailinator.com', 383, '4', 'Lionel', '379', 'Zephania', '2002-03-18', 673, 'Quail', '382', NULL, NULL),
	(35, 'Tanner', 'Daria', 'xiqamu@mailinator.com', 'Jordan', 'Kenneth', 'Janna', '', '', '0', NULL, '2022-08-03 16:26:59', 'Pending', '956', '3', 'Genevieve', 'Ila', 'Holmes', 'Marny', 555, 'woqamyju@mailinator.com', 'Mohammad', 'buqasojuc@mailinator.com', 486, '2', 'Gwendolyn', '466', 'Irene', '1975-04-07', 476, 'Kessie', '295', 1, 2),
	(36, 'Urielle', 'Brock', 'conu@mailinator.com', '074522236', 'Nairobi', '', '', '', '0', NULL, '2022-08-03 16:29:38', 'Pending', '8248536', '2', 'Aspen', 'Rylee', 'Talon', 'Holmes', 712354855, 'hotyneluny@mailinator.com', 'Madaline', 'zihelofyz@mailinator.com', 712354855, '1', 'Addison', '141', 'Rana', '1992-09-14', 712354855, 'Gray', '536586', 2, 1);

-- Dumping structure for table loan.calculation_method
CREATE TABLE IF NOT EXISTS `calculation_method` (
  `methodId` int NOT NULL,
  `methodName` varchar(45) DEFAULT NULL,
  PRIMARY KEY (`methodId`)
) ENGINE=InnoDB DEFAULT CHARSET=utf8mb4 COLLATE=utf8mb4_0900_ai_ci;

-- Dumping data for table loan.calculation_method: ~2 rows (approximately)
DELETE FROM `calculation_method`;
INSERT INTO `calculation_method` (`methodId`, `methodName`) VALUES
	(1, 'Reducing Balance'),
	(2, 'Straight Line'),
	(3, 'Fixed');

-- Dumping structure for table loan.collateral
CREATE TABLE IF NOT EXISTS `collateral` (
  `id` int NOT NULL AUTO_INCREMENT,
  `idm` varchar(200) NOT NULL,
  `tid` varchar(200) NOT NULL,
  `name` varchar(200) NOT NULL,
  `type_of_collateral` varchar(200) NOT NULL,
  `model` varchar(200) NOT NULL,
  `make` varchar(200) NOT NULL,
  `serial_number` varchar(200) NOT NULL,
  `estimated_price` varchar(200) NOT NULL,
  `proof_of_ownership` text NOT NULL,
  `cimage` text NOT NULL,
  `observation` text NOT NULL,
  PRIMARY KEY (`id`)
) ENGINE=InnoDB AUTO_INCREMENT=4 DEFAULT CHARSET=latin1;

-- Dumping data for table loan.collateral: ~3 rows (approximately)
DELETE FROM `collateral`;
INSERT INTO `collateral` (`id`, `idm`, `tid`, `name`, `type_of_collateral`, `model`, `make`, `serial_number`, `estimated_price`, `proof_of_ownership`, `cimage`, `observation`) VALUES
	(1, '1', 'Loan=1907598678', 'bhhh', 'jhhhjk', 'hhh', 'hkkhkk', '87877878', '78787', '', 'cimage/9fdfcacaa4d943e0328bd32e35a40035ebdc7a9b.png', 'hkjkl'),
	(2, '2', 'Loan=21319580', 'Mr Segun O', 'New', 'LOAN2011', 'NEWLOAN', 'LOANS20166', '40000', '', 'cimage/OPTIMUM LOGO FINAL .png', 'This is just testing'),
	(3, '5', 'Loan=21319580', 'Plot of Land', 'Land', 'Land', 'Land', 'Receipt', '20000', '', 'cimage/fair.png', 'Good for the application of the loan');

-- Dumping structure for table loan.counties
CREATE TABLE IF NOT EXISTS `counties` (
  `id` int NOT NULL AUTO_INCREMENT,
  `county_name` varchar(255) NOT NULL,
  PRIMARY KEY (`id`)
) ENGINE=InnoDB AUTO_INCREMENT=48 DEFAULT CHARSET=latin1;

-- Dumping data for table loan.counties: ~47 rows (approximately)
DELETE FROM `counties`;
INSERT INTO `counties` (`id`, `county_name`) VALUES
	(1, 'MOMBASA'),
	(2, 'KWALE'),
	(3, 'KILIFI'),
	(4, 'TANA RIVER'),
	(5, 'LAMU'),
	(6, 'TAITA TAVETA'),
	(7, 'GARISSA'),
	(8, 'WAJIR'),
	(9, 'MANDERA'),
	(10, 'MARSABIT'),
	(11, 'ISIOLO'),
	(12, 'MERU'),
	(13, 'THARAKA-NITHI'),
	(14, 'EMBU'),
	(15, 'KITUI'),
	(16, 'MACHAKOS'),
	(17, 'MAKUENI'),
	(18, 'NYANDARUA'),
	(19, 'NYERI'),
	(20, 'KIRINYAGA'),
	(21, 'MURANG\'A'),
	(22, 'KIAMBU'),
	(23, 'TURKANA'),
	(24, 'WEST POKOT'),
	(25, 'SAMBURU'),
	(26, 'TRANS NZOIA'),
	(27, 'UASIN GISHU'),
	(28, 'ELGEYO/MARAKWET'),
	(29, 'NANDI'),
	(30, 'BARINGO'),
	(31, 'LAIKIPIA'),
	(32, 'NAKURU'),
	(33, 'NAROK'),
	(34, 'KAJIADO'),
	(35, 'KERICHO'),
	(36, 'BOMET'),
	(37, 'KAKAMEGA'),
	(38, 'VIHIGA'),
	(39, 'BUNGOMA'),
	(40, 'BUSIA'),
	(41, 'SIAYA'),
	(42, 'KISUMU'),
	(43, 'HOMA BAY'),
	(44, 'MIGORI'),
	(45, 'KISII'),
	(46, 'NYAMIRA'),
	(47, 'NAIROBI');

-- Dumping structure for table loan.countries
CREATE TABLE IF NOT EXISTS `countries` (
  `id` int NOT NULL AUTO_INCREMENT,
  `name` varchar(50) NOT NULL DEFAULT '',
  `alpha_2` varchar(200) NOT NULL DEFAULT '',
  `alpha_3` varchar(200) NOT NULL DEFAULT '',
  PRIMARY KEY (`id`)
) ENGINE=MyISAM AUTO_INCREMENT=250 DEFAULT CHARSET=utf8mb3;

-- Dumping data for table loan.countries: 249 rows
DELETE FROM `countries`;
/*!40000 ALTER TABLE `countries` DISABLE KEYS */;
INSERT INTO `countries` (`id`, `name`, `alpha_2`, `alpha_3`) VALUES
	(1, 'Afghanistan', 'fl', 'afg'),
	(2, 'Aland Islands', 'ax', 'ala'),
	(3, 'Albania', 'al', 'alb'),
	(4, 'Algeria', 'dz', 'dza'),
	(5, 'American Samoa', 'as', 'asm'),
	(6, 'Andorra', 'ad', 'and'),
	(7, 'Angola', 'ao', 'ago'),
	(8, 'Anguilla', 'ai', 'aia'),
	(9, 'Antarctica', 'aq', 'ata'),
	(10, 'Antigua and Barbuda', 'ag', 'atg'),
	(11, 'Argentina', 'ar', 'arg'),
	(12, 'Armenia', 'am', 'arm'),
	(13, 'Aruba', 'aw', 'abw'),
	(14, 'Australia', 'au', 'aus'),
	(15, 'Austria', 'at', 'aut'),
	(16, 'Azerbaijan', 'az', 'aze'),
	(17, 'Bahamas', 'bs', 'bhs'),
	(18, 'Bahrain', 'bh', 'bhr'),
	(19, 'Bangladesh', 'bd', 'bgd'),
	(20, 'Barbados', 'bb', 'brb'),
	(21, 'Belarus', 'by', 'blr'),
	(22, 'Belgium', 'be', 'bel'),
	(23, 'Belize', 'bz', 'blz'),
	(24, 'Benin', 'bj', 'ben'),
	(25, 'Bermuda', 'bm', 'bmu'),
	(26, 'Bhutan', 'bt', 'btn'),
	(27, 'Bolivia, Plurinational State of', 'bo', 'bol'),
	(28, 'Bonaire, Sint Eustatius and Saba', 'bq', 'bes'),
	(29, 'Bosnia and Herzegovina', 'ba', 'bih'),
	(30, 'Botswana', 'bw', 'bwa'),
	(31, 'Bouvet Island', 'bv', 'bvt'),
	(32, 'Brazil', 'br', 'bra'),
	(33, 'British Indian Ocean Territory', 'io', 'iot'),
	(34, 'Brunei Darussalam', 'bn', 'brn'),
	(35, 'Bulgaria', 'bg', 'bgr'),
	(36, 'Burkina Faso', 'bf', 'bfa'),
	(37, 'Burundi', 'bi', 'bdi'),
	(38, 'Cambodia', 'kh', 'khm'),
	(39, 'Cameroon', 'cm', 'cmr'),
	(40, 'Canada', 'ca', 'can'),
	(41, 'Cape Verde', 'cv', 'cpv'),
	(42, 'Cayman Islands', 'ky', 'cym'),
	(43, 'Central African Republic', 'cf', 'caf'),
	(44, 'Chad', 'td', 'tcd'),
	(45, 'Chile', 'cl', 'chl'),
	(46, 'China', 'cn', 'chn'),
	(47, 'Christmas Island', 'cx', 'cxr'),
	(48, 'Cocos (Keeling) Islands', 'cc', 'cck'),
	(49, 'Colombia', 'co', 'col'),
	(50, 'Comoros', 'km', 'com'),
	(51, 'Congo', 'cg', 'cog'),
	(52, 'Congo, The Democratic Republic of the', 'cd', 'cod'),
	(53, 'Cook Islands', 'ck', 'cok'),
	(54, 'Costa Rica', 'cr', 'cri'),
	(55, 'Cote d\'Ivoire', 'ci', 'civ'),
	(56, 'Croatia', 'hr', 'hrv'),
	(57, 'Cuba', 'cu', 'cub'),
	(58, 'Curacao', 'cw', 'cuw'),
	(59, 'Cyprus', 'cy', 'cyp'),
	(60, 'Czech Republic', 'cz', 'cze'),
	(61, 'Denmark', 'dk', 'dnk'),
	(62, 'Djibouti', 'dj', 'dji'),
	(63, 'Dominica', 'dm', 'dma'),
	(64, 'Dominican Republic', 'do', 'dom'),
	(65, 'Ecuador', 'ec', 'ecu'),
	(66, 'Egypt', 'eg', 'egy'),
	(67, 'El Salvador', 'sv', 'slv'),
	(68, 'Equatorial Guinea', 'gq', 'gnq'),
	(69, 'Eritrea', 'er', 'eri'),
	(70, 'Estonia', 'ee', 'est'),
	(71, 'Ethiopia', 'et', 'eth'),
	(72, 'Falkland Islands (Malvinas)', 'fk', 'flk'),
	(73, 'Faroe Islands', 'fo', 'fro'),
	(74, 'Fiji', 'fj', 'fji'),
	(75, 'Finland', 'fi', 'fin'),
	(76, 'France', 'fr', 'fra'),
	(77, 'French Guiana', 'gf', 'guf'),
	(78, 'French Polynesia', 'pf', 'pyf'),
	(79, 'French Southern Territories', 'tf', 'atf'),
	(80, 'Gabon', 'ga', 'gab'),
	(81, 'Gambia', 'gm', 'gmb'),
	(82, 'Georgia', 'ge', 'geo'),
	(83, 'Germany', 'de', 'deu'),
	(84, 'Ghana', 'gh', 'gha'),
	(85, 'Gibraltar', 'gi', 'gib'),
	(86, 'Greece', 'gr', 'grc'),
	(87, 'Greenland', 'gl', 'grl'),
	(88, 'Grenada', 'gd', 'grd'),
	(89, 'Guadeloupe', 'gp', 'glp'),
	(90, 'Guam', 'gu', 'gum'),
	(91, 'Guatemala', 'gt', 'gtm'),
	(92, 'Guernsey', 'gg', 'ggy'),
	(93, 'Guinea', 'gn', 'gin'),
	(94, 'Guinea-Bissau', 'gw', 'gnb'),
	(95, 'Guyana', 'gy', 'guy'),
	(96, 'Haiti', 'ht', 'hti'),
	(97, 'Heard Island and McDonald Islands', 'hm', 'hmd'),
	(98, 'Holy See (Vatican City State)', 'va', 'vat'),
	(99, 'Honduras', 'hn', 'hnd'),
	(100, 'Hong Kong', 'hk', 'hkg'),
	(101, 'Hungary', 'hu', 'hun'),
	(102, 'Iceland', 'is', 'isl'),
	(103, 'India', 'in', 'ind'),
	(104, 'Indonesia', 'id', 'idn'),
	(105, 'Iran, Islamic Republic of', 'ir', 'irn'),
	(106, 'Iraq', 'iq', 'irq'),
	(107, 'Ireland', 'ie', 'irl'),
	(108, 'Isle of Man', 'im', 'imn'),
	(109, 'Israel', 'il', 'isr'),
	(110, 'Italy', 'it', 'ita'),
	(111, 'Jamaica', 'jm', 'jam'),
	(112, 'Japan', 'jp', 'jpn'),
	(113, 'Jersey', 'je', 'jey'),
	(114, 'Jordan', 'jo', 'jor'),
	(115, 'Kazakhstan', 'kz', 'kaz'),
	(116, 'Kenya', 'ke', 'ken'),
	(117, 'Kiribati', 'ki', 'kir'),
	(118, 'Korea, Democratic People\'s Republic of', 'kp', 'prk'),
	(119, 'Korea, Republic of', 'kr', 'kor'),
	(120, 'Kuwait', 'kw', 'kwt'),
	(121, 'Kyrgyzstan', 'kg', 'kgz'),
	(122, 'Lao People\'s Democratic Republic', 'la', 'lao'),
	(123, 'Latvia', 'lv', 'lva'),
	(124, 'Lebanon', 'lb', 'lbn'),
	(125, 'Lesotho', 'ls', 'lso'),
	(126, 'Liberia', 'lr', 'lbr'),
	(127, 'Libyan Arab Jamahiriya', 'ly', 'lby'),
	(128, 'Liechtenstein', 'li', 'lie'),
	(129, 'Lithuania', 'lt', 'ltu'),
	(130, 'Luxembourg', 'lu', 'lux'),
	(131, 'Macao', 'mo', 'mac'),
	(132, 'Macedonia, The former Yugoslav Republic of', 'mk', 'mkd'),
	(133, 'Madagascar', 'mg', 'mdg'),
	(134, 'Malawi', 'mw', 'mwi'),
	(135, 'Malaysia', 'my', 'mys'),
	(136, 'Maldives', 'mv', 'mdv'),
	(137, 'Mali', 'ml', 'mli'),
	(138, 'Malta', 'mt', 'mlt'),
	(139, 'Marshall Islands', 'mh', 'mhl'),
	(140, 'Martinique', 'mq', 'mtq'),
	(141, 'Mauritania', 'mr', 'mrt'),
	(142, 'Mauritius', 'mu', 'mus'),
	(143, 'Mayotte', 'yt', 'myt'),
	(144, 'Mexico', 'mx', 'mex'),
	(145, 'Micronesia, Federated States of', 'fm', 'fsm'),
	(146, 'Moldova, Republic of', 'md', 'mda'),
	(147, 'Monaco', 'mc', 'mco'),
	(148, 'Mongolia', 'mn', 'mng'),
	(149, 'Montenegro', 'me', 'mne'),
	(150, 'Montserrat', 'ms', 'msr'),
	(151, 'Morocco', 'ma', 'mar'),
	(152, 'Mozambique', 'mz', 'moz'),
	(153, 'Myanmar', 'mm', 'mmr'),
	(154, 'Namibia', 'na', 'nam'),
	(155, 'Nauru', 'nr', 'nru'),
	(156, 'Nepal', 'np', 'npl'),
	(157, 'Netherlands', 'nl', 'nld'),
	(158, 'New Caledonia', 'nc', 'ncl'),
	(159, 'New Zealand', 'nz', 'nzl'),
	(160, 'Nicaragua', 'ni', 'nic'),
	(161, 'Niger', 'ne', 'ner'),
	(162, 'Nigeria', 'ng', 'nga'),
	(163, 'Niue', 'nu', 'niu'),
	(164, 'Norfolk Island', 'nf', 'nfk'),
	(165, 'Northern Mariana Islands', 'mp', 'mnp'),
	(166, 'Norway', 'no', 'nor'),
	(167, 'Oman', 'om', 'omn'),
	(168, 'Pakistan', 'pk', 'pak'),
	(169, 'Palau', 'pw', 'plw'),
	(170, 'Palestinian Territory, Occupied', 'ps', 'pse'),
	(171, 'Panama', 'pa', 'pan'),
	(172, 'Papua New Guinea', 'pg', 'png'),
	(173, 'Paraguay', 'py', 'pry'),
	(174, 'Peru', 'pe', 'per'),
	(175, 'Philippines', 'ph', 'phl'),
	(176, 'Pitcairn', 'pn', 'pcn'),
	(177, 'Poland', 'pl', 'pol'),
	(178, 'Portugal', 'pt', 'prt'),
	(179, 'Puerto Rico', 'pr', 'pri'),
	(180, 'Qatar', 'qa', 'qat'),
	(181, 'Reunion', 're', 'reu'),
	(182, 'Romania', 'ro', 'rou'),
	(183, 'Russian Federation', 'ru', 'rus'),
	(184, 'Rwanda', 'rw', 'rwa'),
	(185, 'Saint Barthelemy', 'bl', 'blm'),
	(186, 'Saint Helena, Ascension and Tristan Da Cunha', 'sh', 'shn'),
	(187, 'Saint Kitts and Nevis', 'kn', 'kna'),
	(188, 'Saint Lucia', 'lc', 'lca'),
	(189, 'Saint Martin (French Part)', 'mf', 'maf'),
	(190, 'Saint Pierre and Miquelon', 'pm', 'spm'),
	(191, 'Saint Vincent and The Grenadines', 'vc', 'vct'),
	(192, 'Samoa', 'ws', 'wsm'),
	(193, 'San Marino', 'sm', 'smr'),
	(194, 'Sao Tome and Principe', 'st', 'stp'),
	(195, 'Saudi Arabia', 'sa', 'sau'),
	(196, 'Senegal', 'sn', 'sen'),
	(197, 'Serbia', 'rs', 'srb'),
	(198, 'Seychelles', 'sc', 'syc'),
	(199, 'Sierra Leone', 'sl', 'sle'),
	(200, 'Singapore', 'sg', 'sgp'),
	(201, 'Sint Maarten (Dutch Part)', 'sx', 'sxm'),
	(202, 'Slovakia', 'sk', 'svk'),
	(203, 'Slovenia', 'si', 'svn'),
	(204, 'Solomon Islands', 'sb', 'slb'),
	(205, 'Somalia', 'so', 'som'),
	(206, 'South Africa', 'za', 'zaf'),
	(207, 'South Georgia and The South Sandwich Islands', 'gs', 'sgs'),
	(208, 'South Sudan', 'ss', 'ssd'),
	(209, 'Spain', 'es', 'esp'),
	(210, 'Sri Lanka', 'lk', 'lka'),
	(211, 'Sudan', 'sd', 'sdn'),
	(212, 'Suriname', 'sr', 'sur'),
	(213, 'Svalbard and Jan Mayen', 'sj', 'sjm'),
	(214, 'Swaziland', 'sz', 'swz'),
	(215, 'Sweden', 'se', 'swe'),
	(216, 'Switzerland', 'ch', 'che'),
	(217, 'Syrian Arab Republic', 'sy', 'syr'),
	(218, 'Taiwan, Province of China', 'tw', 'twn'),
	(219, 'Tajikistan', 'tj', 'tjk'),
	(220, 'Tanzania, United Republic of', 'tz', 'tza'),
	(221, 'Thailand', 'th', 'tha'),
	(222, 'Timor-Leste', 'tl', 'tls'),
	(223, 'Togo', 'tg', 'tgo'),
	(224, 'Tokelau', 'tk', 'tkl'),
	(225, 'Tonga', 'to', 'ton'),
	(226, 'Trinidad and Tobago', 'tt', 'tto'),
	(227, 'Tunisia', 'tn', 'tun'),
	(228, 'Turkey', 'tr', 'tur'),
	(229, 'Turkmenistan', 'tm', 'tkm'),
	(230, 'Turks and Caicos Islands', 'tc', 'tca'),
	(231, 'Tuvalu', 'tv', 'tuv'),
	(232, 'Uganda', 'ug', 'uga'),
	(233, 'Ukraine', 'ua', 'ukr'),
	(234, 'United Arab Emirates', 'ae', 'are'),
	(235, 'United Kingdom', 'gb', 'gbr'),
	(236, 'United States', 'us', 'usa'),
	(237, 'United States Minor Outlying Islands', 'um', 'umi'),
	(238, 'Uruguay', 'uy', 'ury'),
	(239, 'Uzbekistan', 'uz', 'uzb'),
	(240, 'Vanuatu', 'vu', 'vut'),
	(241, 'Venezuela, Bolivarian Republic of', 've', 'ven'),
	(242, 'Viet Nam', 'vn', 'vnm'),
	(243, 'Virgin Islands, British', 'vg', 'vgb'),
	(244, 'Virgin Islands, U.S.', 'vi', 'vir'),
	(245, 'Wallis and Futuna', 'wf', 'wlf'),
	(246, 'Western Sahara', 'eh', 'esh'),
	(247, 'Yemen', 'ye', 'yem'),
	(248, 'Zambia', 'zm', 'zmb'),
	(249, 'Zimbabwe', 'zw', 'zwe');
/*!40000 ALTER TABLE `countries` ENABLE KEYS */;

-- Dumping structure for table loan.emp_permission
CREATE TABLE IF NOT EXISTS `emp_permission` (
  `id` int NOT NULL AUTO_INCREMENT,
  `tid` varchar(200) NOT NULL,
  `module_name` varchar(350) NOT NULL,
  `pcreate` varchar(20) NOT NULL,
  `pread` varchar(20) NOT NULL,
  `pupdate` varchar(20) NOT NULL,
  `pdelete` varchar(20) NOT NULL,
  PRIMARY KEY (`id`)
) ENGINE=InnoDB AUTO_INCREMENT=58 DEFAULT CHARSET=latin1;

-- Dumping data for table loan.emp_permission: ~22 rows (approximately)
DELETE FROM `emp_permission`;
INSERT INTO `emp_permission` (`id`, `tid`, `module_name`, `pcreate`, `pread`, `pupdate`, `pdelete`) VALUES
	(34, 'Cryptos?rid=782752', 'Email Panel', '0', '0', '0', '0'),
	(35, 'Cryptos?rid=782752', 'Borrower Details', '1', '0', '0', '0'),
	(36, 'Cryptos?rid=782752', 'Employee Wallet', '1', '1', '0', '0'),
	(37, 'Cryptos?rid=782752', 'Loan Details', '0', '0', '0', '0'),
	(38, 'Cryptos?rid=782752', 'Internal Message', '1', '1', '0', '0'),
	(39, 'Cryptos?rid=782752', 'Missed Payment', '0', '0', '0', '0'),
	(40, 'Cryptos?rid=782752', 'Payment', '1', '0', '0', '0'),
	(41, 'Cryptos?rid=782752', 'Employee Details', '0', '0', '0', '0'),
	(42, 'Cryptos?rid=782752', 'Module Permission', '0', '0', '0', '0'),
	(43, 'Cryptos?rid=782752', 'Savings Account', '1', '1', '0', '0'),
	(44, 'Cryptos?rid=782752', 'General Settings', '0', '0', '0', '0'),
	(45, 'Loan=21319580', 'Email Panel', '1', '1', '1', '1'),
	(46, 'Loan=21319580', 'Borrower Details', '1', '1', '1', '1'),
	(47, 'Loan=21319580', 'Employee Wallet', '1', '1', '1', '1'),
	(48, 'Loan=21319580', 'Loan Details', '1', '1', '1', '1'),
	(49, 'Loan=21319580', 'Internal Message', '1', '1', '0', '0'),
	(50, 'Loan=21319580', 'Missed Payment', '1', '1', '1', '1'),
	(51, 'Loan=21319580', 'Payment', '1', '1', '1', '1'),
	(52, 'Loan=21319580', 'Employee Details', '1', '1', '1', '1'),
	(53, 'Loan=21319580', 'Module Permission', '1', '1', '1', '1'),
	(54, 'Loan=21319580', 'Savings Account', '1', '1', '1', '1'),
	(55, 'Loan=21319580', 'General Settings', '1', '1', '1', '0'),
	(56, 'Loan=21319580', 'Loan Approval', '1', '1', '1', '1'),
	(57, 'Loan=21319580', 'Loan Disbursement', '1', '1', '1', '1');

-- Dumping structure for table loan.emp_role
CREATE TABLE IF NOT EXISTS `emp_role` (
  `id` int NOT NULL AUTO_INCREMENT,
  `role` varchar(200) NOT NULL,
  PRIMARY KEY (`id`)
) ENGINE=InnoDB DEFAULT CHARSET=latin1;

-- Dumping data for table loan.emp_role: ~0 rows (approximately)
DELETE FROM `emp_role`;

-- Dumping structure for table loan.etemplates
CREATE TABLE IF NOT EXISTS `etemplates` (
  `id` int NOT NULL AUTO_INCREMENT,
  `sender` varchar(200) NOT NULL,
  `receiver_email` varchar(350) NOT NULL,
  `subject` varchar(350) NOT NULL,
  `msg` text NOT NULL,
  `time_date` timestamp NOT NULL DEFAULT CURRENT_TIMESTAMP ON UPDATE CURRENT_TIMESTAMP,
  PRIMARY KEY (`id`)
) ENGINE=InnoDB DEFAULT CHARSET=latin1;

-- Dumping data for table loan.etemplates: ~0 rows (approximately)
DELETE FROM `etemplates`;

-- Dumping structure for table loan.faqs
CREATE TABLE IF NOT EXISTS `faqs` (
  `id` int NOT NULL AUTO_INCREMENT,
  `topic` text NOT NULL,
  `content` text NOT NULL,
  PRIMARY KEY (`id`)
) ENGINE=InnoDB AUTO_INCREMENT=2 DEFAULT CHARSET=latin1;

-- Dumping data for table loan.faqs: ~0 rows (approximately)
DELETE FROM `faqs`;
INSERT INTO `faqs` (`id`, `topic`, `content`) VALUES
	(1, 'Please type the subject here', '<p>Please Update Faqs Here</p>\r\n');

-- Dumping structure for table loan.fin_info
CREATE TABLE IF NOT EXISTS `fin_info` (
  `id` int NOT NULL AUTO_INCREMENT,
  `get_id` varchar(200) NOT NULL,
  `tid` varchar(200) NOT NULL,
  `occupation` text NOT NULL,
  `mincome` varchar(200) NOT NULL,
  PRIMARY KEY (`id`)
) ENGINE=InnoDB AUTO_INCREMENT=10 DEFAULT CHARSET=latin1;

-- Dumping data for table loan.fin_info: ~6 rows (approximately)
DELETE FROM `fin_info`;
INSERT INTO `fin_info` (`id`, `get_id`, `tid`, `occupation`, `mincome`) VALUES
	(3, '1', 'Loan=1907598678', '', ''),
	(5, '2', 'Loan=1907598678', 'Teacher', '40000'),
	(6, '3', 'Loan=21319580', 'Banker', '500000'),
	(7, '5', 'Loan=21319580', 'Teacher', '87000'),
	(8, '5', 'Loan=21319580', 'Computer Operator', '15000'),
	(9, '5', 'Loan=21319580', 'Trader', '72500');

-- Dumping structure for table loan.footer
CREATE TABLE IF NOT EXISTS `footer` (
  `id` int NOT NULL AUTO_INCREMENT,
  `email` varchar(200) NOT NULL,
  `pho` varchar(200) NOT NULL,
  `face` varchar(200) NOT NULL,
  `webs` varchar(200) NOT NULL,
  `conh` varchar(200) NOT NULL,
  `twi` varchar(200) NOT NULL,
  `gplus` varchar(200) NOT NULL,
  `ins` varchar(200) NOT NULL,
  `yous` varchar(200) NOT NULL,
  `about` text NOT NULL,
  `apply` text NOT NULL,
  `mission` text NOT NULL,
  `objective` text NOT NULL,
  `map` text NOT NULL,
  PRIMARY KEY (`id`)
) ENGINE=InnoDB AUTO_INCREMENT=3 DEFAULT CHARSET=latin1;

-- Dumping data for table loan.footer: ~0 rows (approximately)
DELETE FROM `footer`;
INSERT INTO `footer` (`id`, `email`, `pho`, `face`, `webs`, `conh`, `twi`, `gplus`, `ins`, `yous`, `about`, `apply`, `mission`, `objective`, `map`) VALUES
	(2, 'info@bequesters.com', '+233808883675466', 'www.facebook.com/info@bequesters', 'www.bequesters.com', 'Lasvegas USA', 'www.twitter.com/info@bequesters', 'www.googleplus.com/oinfo@bequesters', 'www.in.com/info@bequesters', 'www.youtube.com/info@bequesters', 'About the system here. Thanks, We are just testing the software and we discover that the software is errors free. Thanks once again.', 'Who may apply here. Thabnks', 'Mission here. Thanks', 'System OBJECTIVE HERE. Thanks', '');

-- Dumping structure for table loan.hiw
CREATE TABLE IF NOT EXISTS `hiw` (
  `hid` int NOT NULL AUTO_INCREMENT,
  `hiw` text NOT NULL,
  PRIMARY KEY (`hid`)
) ENGINE=InnoDB AUTO_INCREMENT=2 DEFAULT CHARSET=latin1;

-- Dumping data for table loan.hiw: ~0 rows (approximately)
DELETE FROM `hiw`;
INSERT INTO `hiw` (`hid`, `hiw`) VALUES
	(1, '<p>We Provide Loans For Individual, Coperate and Many</p>\r\n');

-- Dumping structure for procedure loan.insert_into_loans
DELIMITER //
CREATE PROCEDURE `insert_into_loans`()
BEGIN
INSERT INTO `loan`.`test`
VALUES
(null,"test");

END//
DELIMITER ;

-- Dumping structure for table loan.loans
CREATE TABLE IF NOT EXISTS `loans` (
  `loanId` varchar(50) NOT NULL,
  `borrowerId` int DEFAULT NULL,
  `loanType` int DEFAULT NULL,
  `interestRate` int DEFAULT NULL,
  `calculationMethod` int DEFAULT NULL,
  `loanAmount` int DEFAULT NULL,
  `amountApproved` int DEFAULT NULL,
  `applicationDate` datetime DEFAULT NULL,
  `approvalDate` datetime DEFAULT NULL,
  `approvedBy` int DEFAULT NULL,
  `loanPeriod` int DEFAULT NULL,
  `totalPrincipalPaid` int DEFAULT NULL,
  `totalInterestPaid` int DEFAULT NULL,
  `loanBalance` int DEFAULT NULL,
  `interestBalance` int DEFAULT NULL,
  `amountDisbursed` int DEFAULT NULL,
  `gName` varchar(45) DEFAULT NULL,
  `gAddress` varchar(255) DEFAULT NULL,
  `gContact` varchar(45) DEFAULT NULL,
  `status` int DEFAULT NULL,
  PRIMARY KEY (`loanId`),
  KEY `loans_loanType_idx` (`loanType`),
  KEY `loans_calculationMethod_idx` (`calculationMethod`),
  KEY `loans_borrowerId_idx` (`borrowerId`),
  KEY `loans_status_idx` (`status`),
  CONSTRAINT `loans_borrowerId` FOREIGN KEY (`borrowerId`) REFERENCES `borrowers` (`id`),
  CONSTRAINT `loans_calculationMethod` FOREIGN KEY (`calculationMethod`) REFERENCES `calculation_method` (`methodId`),
  CONSTRAINT `loans_loanType` FOREIGN KEY (`loanType`) REFERENCES `loan_types` (`loanCode`),
  CONSTRAINT `loans_status` FOREIGN KEY (`status`) REFERENCES `loan_status` (`statusId`)
) ENGINE=InnoDB DEFAULT CHARSET=utf8mb4 COLLATE=utf8mb4_0900_ai_ci;

-- Dumping data for table loan.loans: ~1 rows (approximately)
DELETE FROM `loans`;
INSERT INTO `loans` (`loanId`, `borrowerId`, `loanType`, `interestRate`, `calculationMethod`, `loanAmount`, `amountApproved`, `applicationDate`, `approvalDate`, `approvedBy`, `loanPeriod`, `totalPrincipalPaid`, `totalInterestPaid`, `loanBalance`, `interestBalance`, `amountDisbursed`, `gName`, `gAddress`, `gContact`, `status`) VALUES
	('DEV36001', 36, 7, 18, 1, 100000, 100000, '2022-08-03 19:54:53', NULL, 0, 10, 0, 0, 0, 0, 100000, '', '', '', 3);

-- Dumping structure for table loan.loans_disbursed
CREATE TABLE IF NOT EXISTS `loans_disbursed` (
  `transactionNo` int NOT NULL AUTO_INCREMENT,
  `amountApproved` int DEFAULT NULL,
  `amountDisbursed` int DEFAULT NULL,
  `paymentMode` int DEFAULT NULL,
  `reference` varchar(45) DEFAULT NULL,
  `collector` varchar(45) DEFAULT NULL,
  `idNumber` int DEFAULT NULL,
  `name` varchar(45) DEFAULT NULL,
  `user` int DEFAULT NULL,
  `dateOfDisbursement` varchar(45) DEFAULT NULL,
  `loanNo` varchar(45) DEFAULT NULL,
  PRIMARY KEY (`transactionNo`)
) ENGINE=InnoDB AUTO_INCREMENT=3 DEFAULT CHARSET=utf8mb4 COLLATE=utf8mb4_0900_ai_ci COMMENT='		';

-- Dumping data for table loan.loans_disbursed: ~1 rows (approximately)
DELETE FROM `loans_disbursed`;
INSERT INTO `loans_disbursed` (`transactionNo`, `amountApproved`, `amountDisbursed`, `paymentMode`, `reference`, `collector`, `idNumber`, `name`, `user`, `dateOfDisbursement`, `loanNo`) VALUES
	(1, 40000, 20000, 5, '222', NULL, 576, 'Bruno Pamela', 1, '2022-08-02 23:29:35', '23'),
	(2, 100000, 100000, 1, '222', NULL, 8248536, 'Urielle Brock', 1, '2022-08-03 20:21:03', 'DEV36001');

-- Dumping structure for table loan.loan_info
CREATE TABLE IF NOT EXISTS `loan_info` (
  `id` int NOT NULL AUTO_INCREMENT,
  `borrower` varchar(200) NOT NULL,
  `baccount` varchar(200) NOT NULL,
  `desc` text NOT NULL,
  `amount` varchar(200) NOT NULL,
  `date_release` varchar(200) NOT NULL,
  `agent` varchar(200) NOT NULL,
  `g_name` varchar(200) NOT NULL,
  `g_phone` varchar(200) NOT NULL,
  `g_address` text NOT NULL,
  `rela` varchar(200) NOT NULL,
  `g_image` varchar(200) NOT NULL,
  `status` varchar(200) NOT NULL,
  `remarks` text NOT NULL,
  `pay_date` varchar(200) NOT NULL,
  `amount_topay` varchar(200) NOT NULL,
  `teller` varchar(200) NOT NULL,
  `remark` text NOT NULL,
  `upstatus` varchar(200) NOT NULL,
  PRIMARY KEY (`id`)
) ENGINE=InnoDB AUTO_INCREMENT=8 DEFAULT CHARSET=latin1;

-- Dumping data for table loan.loan_info: ~0 rows (approximately)
DELETE FROM `loan_info`;
INSERT INTO `loan_info` (`id`, `borrower`, `baccount`, `desc`, `amount`, `date_release`, `agent`, `g_name`, `g_phone`, `g_address`, `rela`, `g_image`, `status`, `remarks`, `pay_date`, `amount_topay`, `teller`, `remark`, `upstatus`) VALUES
	(7, '5', '--Select Customer--', 'new loan', '500000', '06/21/2017', 'Admin', 'Mr Segun', '09034543234', '4, ade', 'GFriend', 'img/', 'Approved', 'good', '10/31/2017', '1000000', 'Admin', 'new loan', 'Pending');

-- Dumping structure for table loan.loan_status
CREATE TABLE IF NOT EXISTS `loan_status` (
  `statusId` int NOT NULL,
  `statusName` varchar(45) DEFAULT NULL,
  PRIMARY KEY (`statusId`)
) ENGINE=InnoDB DEFAULT CHARSET=utf8mb4 COLLATE=utf8mb4_0900_ai_ci;

-- Dumping data for table loan.loan_status: ~8 rows (approximately)
DELETE FROM `loan_status`;
INSERT INTO `loan_status` (`statusId`, `statusName`) VALUES
	(0, 'Pending Appraisal'),
	(1, 'Pending Approval'),
	(2, 'Pending Disbursement'),
	(3, 'Partially Disbursed'),
	(4, 'Fully Disbursed'),
	(5, 'Partially Paid'),
	(6, 'Fully Paid'),
	(7, 'Overdue'),
	(10, 'test');

-- Dumping structure for table loan.loan_type
CREATE TABLE IF NOT EXISTS `loan_type` (
  `typeId` int NOT NULL,
  `loanType` varchar(45) DEFAULT NULL,
  `description` varchar(45) DEFAULT NULL,
  `interestRate` int DEFAULT NULL,
  `period` int DEFAULT NULL,
  `minAmount` int DEFAULT NULL,
  `maxAmount` int DEFAULT NULL,
  `calculationMethod` int DEFAULT NULL,
  `guarantor` int DEFAULT NULL,
  PRIMARY KEY (`typeId`)
) ENGINE=InnoDB DEFAULT CHARSET=utf8mb4 COLLATE=utf8mb4_0900_ai_ci;

-- Dumping data for table loan.loan_type: ~0 rows (approximately)
DELETE FROM `loan_type`;

-- Dumping structure for table loan.loan_types
CREATE TABLE IF NOT EXISTS `loan_types` (
  `loanCode` int NOT NULL AUTO_INCREMENT,
  `loanName` varchar(45) DEFAULT NULL,
  `repayMethod` varchar(45) DEFAULT NULL,
  `repayPeriod` int DEFAULT NULL,
  `interestRate` int DEFAULT NULL,
  `requireGuarantor` int DEFAULT NULL,
  PRIMARY KEY (`loanCode`)
) ENGINE=InnoDB AUTO_INCREMENT=8 DEFAULT CHARSET=utf8mb4 COLLATE=utf8mb4_0900_ai_ci;

-- Dumping data for table loan.loan_types: ~3 rows (approximately)
DELETE FROM `loan_types`;
INSERT INTO `loan_types` (`loanCode`, `loanName`, `repayMethod`, `repayPeriod`, `interestRate`, `requireGuarantor`) VALUES
	(4, 'Test', '1', 1, 0, 1),
	(6, 'Security Loan', '1', 1, 0, 0),
	(7, 'Development Loan', '2', 18, 18, 1);

-- Dumping structure for table loan.message
CREATE TABLE IF NOT EXISTS `message` (
  `id` int NOT NULL AUTO_INCREMENT,
  `sender_id` varchar(200) NOT NULL,
  `sender_name` varchar(200) NOT NULL,
  `msg_to` varchar(200) NOT NULL,
  `subject` varchar(300) NOT NULL,
  `message` text NOT NULL,
  `date_time` timestamp NOT NULL DEFAULT CURRENT_TIMESTAMP ON UPDATE CURRENT_TIMESTAMP,
  PRIMARY KEY (`id`)
) ENGINE=InnoDB AUTO_INCREMENT=7 DEFAULT CHARSET=latin1;

-- Dumping data for table loan.message: ~3 rows (approximately)
DELETE FROM `message`;
INSERT INTO `message` (`id`, `sender_id`, `sender_name`, `msg_to`, `subject`, `message`, `date_time`) VALUES
	(4, 'Cryptos?rid=782752', 'au JJJ', 'Loan=21319580', 'Hello', '<p>Good to see you</p>\r\n', '2017-05-01 18:46:57'),
	(5, 'Loan=21319580', 'Admin', 'Cryptos?rid=782752', 'RE: Hello', '<p>Thanks<br />\r\n-------------------------</p>\r\n\r\n<p>&nbsp;</p>\r\n\r\n<p>Good to see you</p>\r\n\r\n<p>&nbsp;</p>\r\n', '2017-05-01 18:48:27'),
	(6, 'Cryptos?rid=782752', 'au JJJ', 'Loan=21319580', 'RE: RE: Hello', '<p>Thanks&nbsp; you<br />\r\n-------------------------</p>\r\n\r\n<p>&nbsp;</p>\r\n\r\n<p>Thanks<br />\r\n-------------------------</p>\r\n\r\n<p>&nbsp;</p>\r\n\r\n<p>&nbsp;</p>\r\n\r\n<p>Good to see you</p>\r\n\r\n<p>&nbsp;</p>\r\n', '2017-05-01 18:49:18');

-- Dumping structure for table loan.mywallet
CREATE TABLE IF NOT EXISTS `mywallet` (
  `id` int NOT NULL AUTO_INCREMENT,
  `tid` varchar(200) NOT NULL,
  `t_to` varchar(200) NOT NULL,
  `Amount` varchar(200) NOT NULL,
  `Desc` varchar(200) NOT NULL,
  `wtype` varchar(200) NOT NULL,
  `tdate` timestamp NOT NULL DEFAULT CURRENT_TIMESTAMP ON UPDATE CURRENT_TIMESTAMP,
  PRIMARY KEY (`id`)
) ENGINE=InnoDB AUTO_INCREMENT=69 DEFAULT CHARSET=latin1;

-- Dumping data for table loan.mywallet: ~12 rows (approximately)
DELETE FROM `mywallet`;
INSERT INTO `mywallet` (`id`, `tid`, `t_to`, `Amount`, `Desc`, `wtype`, `tdate`) VALUES
	(39, 'Loan=1907598678', 'NIL', '500', 'hkbvhk', 'credit', '2018-01-03 23:03:23'),
	(55, 'Cryptos?rid=453536', 'NIL', '5000', 'transfer to aa HHJ', 'transfer', '2018-01-03 23:03:19'),
	(57, 'Cryptos?rid=453536', 'NIL', '3000', 'reverse 3k back to you', 'transfer', '2018-01-03 23:03:14'),
	(58, 'Cryptos?rid=453536', 'NIL', '5000', 'add payment', 'debit', '2018-01-03 23:03:08'),
	(59, 'Cryptos?rid=453536', 'NIL', '2000', 'jjjjj', 'debit', '2018-01-03 23:03:02'),
	(60, 'Loan=21319580', 'NIL', '2400', 'Give loan', 'debit', '2018-01-03 23:02:57'),
	(61, 'Loan=21319580', 'NIL', '1350', 'Loan Payment', 'credit', '2018-01-03 23:02:51'),
	(64, 'Loan=21319580', 'Cryptos?rid=782752', '200', 'Transfer to JJJ', 'transfer', '2018-01-03 22:58:16'),
	(65, 'Loan=21319580', 'Cryptos?rid=782752', '150', 'Transfer money', 'transfer', '2018-01-03 22:58:34'),
	(66, 'Loan=21319580', 'NIL', '525', 'Loan due', 'credit', '2018-01-03 23:05:19'),
	(67, 'Loan=21319580', 'NIL', '1050', 'Add Payment', 'debit', '2018-01-03 23:04:46'),
	(68, 'Loan=21319580', 'Cryptos?rid=782752', '200', 'Transfer to Staff JJJ', 'transfer', '2018-01-05 15:39:58');

-- Dumping structure for table loan.payments
CREATE TABLE IF NOT EXISTS `payments` (
  `id` int NOT NULL AUTO_INCREMENT,
  `tid` varchar(200) NOT NULL,
  `account` varchar(200) NOT NULL,
  `account_no` varchar(200) NOT NULL,
  `customer` varchar(200) NOT NULL,
  `loan` varchar(200) NOT NULL,
  `pay_date` varchar(200) NOT NULL,
  `amount_to_pay` varchar(200) NOT NULL,
  `remarks` text NOT NULL,
  PRIMARY KEY (`id`)
) ENGINE=InnoDB AUTO_INCREMENT=6 DEFAULT CHARSET=latin1;

-- Dumping data for table loan.payments: ~0 rows (approximately)
DELETE FROM `payments`;
INSERT INTO `payments` (`id`, `tid`, `account`, `account_no`, `customer`, `loan`, `pay_date`, `amount_to_pay`, `remarks`) VALUES
	(5, 'Loan=21319580', '199382731', '5', '5', '1000000', '05/30/2017', '3000000', 'Payment for Doris Micheal');

-- Dumping structure for table loan.payment_method
CREATE TABLE IF NOT EXISTS `payment_method` (
  `methodId` int NOT NULL AUTO_INCREMENT,
  `methodName` varchar(45) DEFAULT NULL,
  PRIMARY KEY (`methodId`)
) ENGINE=InnoDB AUTO_INCREMENT=6 DEFAULT CHARSET=utf8mb4 COLLATE=utf8mb4_0900_ai_ci COMMENT='	';

-- Dumping data for table loan.payment_method: ~1 rows (approximately)
DELETE FROM `payment_method`;
INSERT INTO `payment_method` (`methodId`, `methodName`) VALUES
	(1, 'Cash'),
	(3, 'Cheque'),
	(5, 'Mpesa');

-- Dumping structure for table loan.payment_schedule
CREATE TABLE IF NOT EXISTS `payment_schedule` (
  `id` int NOT NULL AUTO_INCREMENT,
  `idm` varchar(200) NOT NULL,
  `tid` varchar(200) NOT NULL,
  `term` varchar(200) NOT NULL,
  `day` varchar(200) NOT NULL,
  `schedule` varchar(200) NOT NULL,
  `interest` varchar(200) NOT NULL,
  `penalty` varchar(200) NOT NULL,
  PRIMARY KEY (`id`)
) ENGINE=InnoDB AUTO_INCREMENT=11 DEFAULT CHARSET=latin1;

-- Dumping data for table loan.payment_schedule: ~0 rows (approximately)
DELETE FROM `payment_schedule`;
INSERT INTO `payment_schedule` (`id`, `idm`, `tid`, `term`, `day`, `schedule`, `interest`, `penalty`) VALUES
	(10, '11', 'Loan=21319580', 'kjnk', 'Week', 'Daily', '2', '5');

-- Dumping structure for table loan.pay_schedule
CREATE TABLE IF NOT EXISTS `pay_schedule` (
  `id` int NOT NULL AUTO_INCREMENT,
  `get_id` varchar(200) NOT NULL,
  `tid` varchar(200) NOT NULL,
  `schedule` varchar(200) NOT NULL,
  `balance` varchar(200) NOT NULL,
  `interest` varchar(200) NOT NULL,
  `payment` varchar(200) NOT NULL,
  PRIMARY KEY (`id`)
) ENGINE=InnoDB AUTO_INCREMENT=12 DEFAULT CHARSET=latin1;

-- Dumping data for table loan.pay_schedule: ~0 rows (approximately)
DELETE FROM `pay_schedule`;
INSERT INTO `pay_schedule` (`id`, `get_id`, `tid`, `schedule`, `balance`, `interest`, `payment`) VALUES
	(11, '6', 'Loan=21319580', '12/30/2017', '200', '2', '50');

-- Dumping structure for table loan.proffession
CREATE TABLE IF NOT EXISTS `proffession` (
  `pid` int NOT NULL,
  `pname` varchar(45) DEFAULT NULL,
  PRIMARY KEY (`pid`)
) ENGINE=InnoDB DEFAULT CHARSET=utf8mb4 COLLATE=utf8mb4_0900_ai_ci;

-- Dumping data for table loan.proffession: ~2 rows (approximately)
DELETE FROM `proffession`;
INSERT INTO `proffession` (`pid`, `pname`) VALUES
	(1, 'Doctor'),
	(2, 'Teacher'),
	(3, 'Accountant');

-- Dumping structure for table loan.salutations
CREATE TABLE IF NOT EXISTS `salutations` (
  `sid` int NOT NULL,
  `sinitials` varchar(45) DEFAULT NULL,
  `sdescription` varchar(45) DEFAULT NULL,
  PRIMARY KEY (`sid`)
) ENGINE=InnoDB DEFAULT CHARSET=utf8mb4 COLLATE=utf8mb4_0900_ai_ci;

-- Dumping data for table loan.salutations: ~2 rows (approximately)
DELETE FROM `salutations`;
INSERT INTO `salutations` (`sid`, `sinitials`, `sdescription`) VALUES
	(1, 'Dr.', 'Doctor'),
	(2, 'Mr.', 'Mister'),
	(3, 'Mrs.', 'Misses');

-- Dumping structure for table loan.sms
CREATE TABLE IF NOT EXISTS `sms` (
  `id` int NOT NULL AUTO_INCREMENT,
  `sms_gateway` text NOT NULL,
  `username` text NOT NULL,
  `password` text NOT NULL,
  `api` text NOT NULL,
  `status` text NOT NULL,
  PRIMARY KEY (`id`)
) ENGINE=InnoDB AUTO_INCREMENT=2 DEFAULT CHARSET=latin1;

-- Dumping data for table loan.sms: ~0 rows (approximately)
DELETE FROM `sms`;
INSERT INTO `sms` (`id`, `sms_gateway`, `username`, `password`, `api`, `status`) VALUES
	(1, 'SMSTEAMS', 'optimum', 'optimum', 'http://smsteams.com/components/com_spc/?', 'Activated');

-- Dumping structure for table loan.subcounty
CREATE TABLE IF NOT EXISTS `subcounty` (
  `subcountyId` int NOT NULL AUTO_INCREMENT,
  `subcounty` varchar(45) DEFAULT NULL,
  `countyId` int DEFAULT NULL,
  PRIMARY KEY (`subcountyId`),
  KEY `subcounty_county_idx` (`countyId`),
  CONSTRAINT `subcounty_county` FOREIGN KEY (`countyId`) REFERENCES `counties` (`id`)
) ENGINE=InnoDB AUTO_INCREMENT=512 DEFAULT CHARSET=latin1;

-- Dumping data for table loan.subcounty: ~290 rows (approximately)
DELETE FROM `subcounty`;
INSERT INTO `subcounty` (`subcountyId`, `subcounty`, `countyId`) VALUES
	(1, 'changamwe', 1),
	(2, 'jomvu', 1),
	(3, 'kisauni', 1),
	(4, 'nyali', 1),
	(5, 'likoni', 1),
	(6, 'mvita', 1),
	(7, 'msambweni', 2),
	(8, 'lungalunga', 2),
	(9, 'matuga', 2),
	(10, 'kinango', 2),
	(11, 'kilifi north', 3),
	(12, 'kilifi south', 3),
	(13, 'kaloleni', 3),
	(14, 'rabai', 3),
	(15, 'ganze', 3),
	(16, 'malindi', 3),
	(17, 'magarini', 3),
	(18, 'garsen', 4),
	(19, 'galole', 4),
	(20, 'bura', 4),
	(21, 'lamu east', 5),
	(22, 'lamu west', 5),
	(23, 'taveta', 6),
	(24, 'wundanyi', 6),
	(25, 'mwatate', 6),
	(26, 'voi', 6),
	(27, 'garissa township', 7),
	(28, 'balambala', 7),
	(29, 'lagdera', 7),
	(30, 'dadaab', 7),
	(31, 'fafi', 7),
	(32, 'ijara', 7),
	(33, 'wajir north', 8),
	(34, 'wajir east', 8),
	(35, 'tarbaj', 8),
	(36, 'wajir west', 8),
	(37, 'eldas', 8),
	(38, 'wajir south', 8),
	(39, 'mandera west', 9),
	(40, 'banissa', 9),
	(41, 'mandera north', 9),
	(42, 'mandera south', 9),
	(43, 'mandera east', 9),
	(44, 'lafey', 9),
	(45, 'moyale', 10),
	(46, 'north horr', 10),
	(47, 'saku', 10),
	(48, 'laisamis', 10),
	(49, 'isiolo north', 11),
	(50, 'isiolo south', 11),
	(51, 'igembe south', 12),
	(52, 'igembe central', 12),
	(53, 'igembe north', 12),
	(54, 'tigania west', 12),
	(55, 'tigania east', 12),
	(56, 'north imenti', 12),
	(57, 'buuri', 12),
	(58, 'central imenti', 12),
	(59, 'south imenti', 12),
	(60, 'maara', 13),
	(61, 'chuka/igambang\'om', 13),
	(62, 'tharaka', 13),
	(63, 'manyatta', 14),
	(64, 'runyenjes', 14),
	(65, 'mbeere south', 14),
	(66, 'mbeere north', 14),
	(67, 'mwingi north', 15),
	(68, 'mwingi west', 15),
	(69, 'mwingi central', 15),
	(70, 'kitui west', 15),
	(71, 'kitui rural', 15),
	(72, 'kitui central', 15),
	(73, 'kitui east', 15),
	(74, 'kitui south', 15),
	(75, 'masinga', 16),
	(76, 'yatta', 16),
	(77, 'kangundo', 16),
	(78, 'matungulu', 16),
	(79, 'kathiani', 16),
	(80, 'mavoko', 16),
	(81, 'machakos town', 16),
	(82, 'mwala', 16),
	(83, 'mbooni', 17),
	(84, 'kilome', 17),
	(85, 'kaiti', 17),
	(86, 'makueni', 17),
	(87, 'kibwezi west', 17),
	(88, 'kibwezi east', 17),
	(89, 'kinangop', 18),
	(90, 'kipipiri', 18),
	(91, 'ol kalou', 18),
	(92, 'ol jorok', 18),
	(93, 'ndaragwa', 18),
	(94, 'tetu', 19),
	(95, 'kieni', 19),
	(96, 'mathira', 19),
	(97, 'othaya', 19),
	(98, 'mukurweini', 19),
	(99, 'nyeri town', 19),
	(100, 'mwea', 20),
	(101, 'gichugu', 20),
	(102, 'ndia', 20),
	(103, 'kirinyaga central', 20),
	(104, 'kangema', 21),
	(105, 'mathioya', 21),
	(106, 'kiharu', 21),
	(107, 'kigumo', 21),
	(108, 'maragwa', 21),
	(109, 'kandara', 21),
	(110, 'gatanga', 21),
	(111, 'gatundu south', 22),
	(112, 'gatundu north', 22),
	(113, 'juja', 22),
	(114, 'thika town', 22),
	(115, 'ruiru', 22),
	(116, 'githunguri', 22),
	(117, 'kiambu', 22),
	(118, 'kiambaa', 22),
	(119, 'kabete', 22),
	(120, 'kikuyu', 22),
	(121, 'limuru', 22),
	(122, 'lari', 22),
	(123, 'turkana north', 23),
	(124, 'turkana west', 23),
	(125, 'turkana central', 23),
	(126, 'loima', 23),
	(127, 'turkana south', 23),
	(128, 'turkana east', 23),
	(129, 'kapenguria', 24),
	(130, 'sigor', 24),
	(131, 'kacheliba', 24),
	(132, 'pokot south', 24),
	(133, 'samburu west', 25),
	(134, 'samburu north', 25),
	(135, 'samburu east', 25),
	(136, 'kwanza', 26),
	(137, 'endebess', 26),
	(138, 'saboti', 26),
	(139, 'kiminini', 26),
	(140, 'cherangany', 26),
	(141, 'soy', 27),
	(142, 'turbo', 27),
	(143, 'moiben', 27),
	(144, 'ainabkoi', 27),
	(145, 'kapseret', 27),
	(146, 'kesses', 27),
	(147, 'marakwet east', 28),
	(148, 'marakwet west', 28),
	(149, 'keiyo north', 28),
	(150, 'keiyo south', 28),
	(151, 'tinderet', 29),
	(152, 'aldai', 29),
	(153, 'nandi hills', 29),
	(154, 'chesumei', 29),
	(155, 'emgwen', 29),
	(156, 'mosop', 29),
	(157, 'tiaty', 30),
	(158, 'baringo  north', 30),
	(159, 'baringo central', 30),
	(160, 'baringo south', 30),
	(161, 'mogotio', 30),
	(162, 'eldama ravine', 30),
	(163, 'laikipia west', 31),
	(164, 'laikipia east', 31),
	(165, 'laikipia north', 31),
	(166, 'molo', 32),
	(167, 'njoro', 32),
	(168, 'naivasha', 32),
	(169, 'gilgil', 32),
	(170, 'kuresoi south', 32),
	(171, 'kuresoi north', 32),
	(172, 'subukia', 32),
	(173, 'rongai', 32),
	(174, 'bahati', 32),
	(175, 'nakuru town west', 32),
	(176, 'nakuru town east', 32),
	(177, 'kilgoris', 33),
	(178, 'emurua dikirr', 33),
	(179, 'narok north', 33),
	(180, 'narok east', 33),
	(181, 'narok south', 33),
	(182, 'narok west', 33),
	(183, 'kajiado north', 34),
	(184, 'kajiado central', 34),
	(185, 'kajiado east', 34),
	(186, 'kajiado west', 34),
	(187, 'kajiado south', 34),
	(188, 'kipkelion east', 35),
	(189, 'kipkelion west', 35),
	(190, 'ainamoi', 35),
	(191, 'bureti', 35),
	(192, 'belgut', 35),
	(193, 'sigowet/soin', 35),
	(194, 'sotik', 36),
	(195, 'chepalungu', 36),
	(196, 'bomet east', 36),
	(197, 'bomet central', 36),
	(198, 'konoin', 36),
	(199, 'lugari', 37),
	(200, 'likuyani', 37),
	(201, 'malava', 37),
	(202, 'lurambi', 37),
	(203, 'navakholo', 37),
	(204, 'mumias west', 37),
	(205, 'mumias east', 37),
	(206, 'matungu', 37),
	(207, 'butere', 37),
	(208, 'khwisero', 37),
	(209, 'shinyalu', 37),
	(210, 'ikolomani', 37),
	(211, 'vihiga', 38),
	(212, 'sabatia', 38),
	(213, 'hamisi', 38),
	(214, 'luanda', 38),
	(215, 'emuhaya', 38),
	(216, 'mt.elgon', 39),
	(217, 'sirisia', 39),
	(218, 'kabuchai', 39),
	(219, 'bumula', 39),
	(220, 'kanduyi', 39),
	(221, 'webuye east', 39),
	(222, 'webuye west', 39),
	(223, 'kimilili', 39),
	(224, 'tongaren', 39),
	(225, 'teso north', 40),
	(226, 'teso south', 40),
	(227, 'nambale', 40),
	(228, 'matayos', 40),
	(229, 'butula', 40),
	(230, 'funyula', 40),
	(231, 'budalangi', 40),
	(232, 'ugenya', 41),
	(233, 'ugunja', 41),
	(234, 'alego usonga', 41),
	(235, 'gem', 41),
	(236, 'bondo', 41),
	(237, 'rarieda', 41),
	(238, 'kisumu east', 42),
	(239, 'kisumu west', 42),
	(240, 'kisumu central', 42),
	(241, 'seme', 42),
	(242, 'nyando', 42),
	(243, 'muhoroni', 42),
	(244, 'nyakach', 42),
	(245, 'kasipul', 43),
	(246, 'kabondo kasipul', 43),
	(247, 'karachuonyo', 43),
	(248, 'rangwe', 43),
	(249, 'homa bay town', 43),
	(250, 'ndhiwa', 43),
	(251, 'mbita', 43),
	(252, 'suba', 43),
	(253, 'rongo', 44),
	(254, 'awendo', 44),
	(255, 'suna east', 44),
	(256, 'suna west', 44),
	(257, 'uriri', 44),
	(258, 'nyatike', 44),
	(259, 'kuria west', 44),
	(260, 'kuria east', 44),
	(261, 'bonchari', 45),
	(262, 'south mugirango', 45),
	(263, 'bomachoge borabu', 45),
	(264, 'bobasi', 45),
	(265, 'bomachoge chache', 45),
	(266, 'nyaribari masaba', 45),
	(267, 'nyaribari chache', 45),
	(268, 'kitutu chache north', 45),
	(269, 'kitutu chache south', 45),
	(270, 'kitutu masaba', 46),
	(271, 'west mugirango', 46),
	(272, 'north mugirango', 46),
	(273, 'borabu', 46),
	(274, 'westlands', 47),
	(275, 'dagoretti north', 47),
	(276, 'dagoretti south', 47),
	(277, 'langata', 47),
	(278, 'kibra', 47),
	(279, 'roysambu', 47),
	(280, 'kasarani', 47),
	(281, 'ruaraka', 47),
	(282, 'embakasi south', 47),
	(283, 'embakasi north', 47),
	(284, 'embakasi central', 47),
	(285, 'embakasi east', 47),
	(286, 'embakasi west', 47),
	(287, 'makadara', 47),
	(288, 'kamukunji', 47),
	(289, 'starehe', 47),
	(290, 'mathare', 47);

-- Dumping structure for table loan.systemset
CREATE TABLE IF NOT EXISTS `systemset` (
  `sysid` int NOT NULL AUTO_INCREMENT,
  `title` varchar(200) NOT NULL,
  `name` varchar(200) NOT NULL,
  `footer` text NOT NULL,
  `abb` varchar(200) NOT NULL,
  `fax` text NOT NULL,
  `currency` text NOT NULL,
  `website` text NOT NULL,
  `mobile` text NOT NULL,
  `image` varchar(200) NOT NULL,
  `address` text NOT NULL,
  `email` text NOT NULL,
  `map` text NOT NULL,
  `stamp` varchar(350) NOT NULL,
  `timezone` text NOT NULL,
  `sms_charges` varchar(200) NOT NULL,
  PRIMARY KEY (`sysid`)
) ENGINE=InnoDB AUTO_INCREMENT=2 DEFAULT CHARSET=latin1;

-- Dumping data for table loan.systemset: ~0 rows (approximately)
DELETE FROM `systemset`;
INSERT INTO `systemset` (`sysid`, `title`, `name`, `footer`, `abb`, `fax`, `currency`, `website`, `mobile`, `image`, `address`, `email`, `map`, `stamp`, `timezone`, `sms_charges`) VALUES
	(1, 'Insight Lending Management System', 'Insight Credit', 'All rights reserved. 2022 (c)', 'ILMS', '23459', 'KES', 'https://www.lending.insightl.com', '+254788932', '../img/ass.png', '								', 'lending.insight@gmail.com', 'Map Code Here				', 'stamp.jpg', '-12', '25');

-- Dumping structure for table loan.test
CREATE TABLE IF NOT EXISTS `test` (
  `idtest` int NOT NULL AUTO_INCREMENT,
  `testcol` varchar(45) DEFAULT NULL,
  PRIMARY KEY (`idtest`)
) ENGINE=InnoDB AUTO_INCREMENT=85 DEFAULT CHARSET=utf8mb4 COLLATE=utf8mb4_0900_ai_ci;

-- Dumping data for table loan.test: ~76 rows (approximately)
DELETE FROM `test`;
INSERT INTO `test` (`idtest`, `testcol`) VALUES
	(1, 'test'),
	(2, 'test'),
	(3, 'test'),
	(4, 'test'),
	(5, 'test'),
	(6, 'test'),
	(7, 'test'),
	(8, 'test'),
	(9, 'test'),
	(10, 'test'),
	(11, 'test'),
	(12, 'test'),
	(13, 'test'),
	(14, 'test'),
	(15, 'test'),
	(16, 'test'),
	(17, 'test'),
	(18, 'test'),
	(19, 'test'),
	(20, 'test'),
	(21, 'test'),
	(22, 'test'),
	(23, 'test'),
	(24, 'test'),
	(25, 'test'),
	(26, 'test'),
	(27, 'test'),
	(28, 'test'),
	(29, 'test'),
	(30, 'test'),
	(31, 'test'),
	(32, 'test'),
	(33, 'test'),
	(34, 'test'),
	(35, 'test'),
	(36, 'test'),
	(37, 'test'),
	(38, 'test'),
	(39, 'test'),
	(40, 'test'),
	(41, 'test'),
	(42, 'test'),
	(43, 'test'),
	(44, 'test'),
	(45, 'test'),
	(46, 'test'),
	(47, 'test'),
	(48, 'test'),
	(49, 'test'),
	(50, 'test'),
	(51, 'test'),
	(52, 'test'),
	(53, 'test'),
	(54, 'test'),
	(55, 'test'),
	(56, 'test'),
	(57, 'test'),
	(58, 'test'),
	(59, 'test'),
	(60, 'test'),
	(61, 'test'),
	(62, 'test'),
	(63, 'test'),
	(64, 'test'),
	(65, 'test'),
	(66, 'test'),
	(67, 'test'),
	(68, 'test'),
	(69, 'test'),
	(70, 'test'),
	(71, 'test'),
	(72, 'test'),
	(73, 'test'),
	(74, 'test'),
	(75, 'test'),
	(76, 'test'),
	(77, 'test'),
	(78, 'test'),
	(79, 'test'),
	(80, 'test'),
	(81, 'test'),
	(82, 'test'),
	(83, 'test'),
	(84, 'test');

-- Dumping structure for table loan.transaction
CREATE TABLE IF NOT EXISTS `transaction` (
  `id` int NOT NULL AUTO_INCREMENT,
  `txid` varchar(200) NOT NULL,
  `t_type` varchar(200) NOT NULL COMMENT 'Deposit OR Withdraw',
  `acctno` varchar(200) NOT NULL,
  `fn` varchar(200) NOT NULL,
  `ln` varchar(200) NOT NULL,
  `email` varchar(300) NOT NULL,
  `phone` varchar(200) NOT NULL,
  `amount` varchar(200) NOT NULL,
  `date_time` timestamp NOT NULL DEFAULT CURRENT_TIMESTAMP ON UPDATE CURRENT_TIMESTAMP,
  PRIMARY KEY (`id`)
) ENGINE=InnoDB AUTO_INCREMENT=20 DEFAULT CHARSET=latin1;

-- Dumping data for table loan.transaction: ~19 rows (approximately)
DELETE FROM `transaction`;
INSERT INTO `transaction` (`id`, `txid`, `t_type`, `acctno`, `fn`, `ln`, `email`, `phone`, `amount`, `date_time`) VALUES
	(1, 'TXID-35663574', 'Deposit', '0034445657', 'Ayodeji', 'Akinade', 'business2016@gmail.com', '08033527716', '2000', '2017-12-23 14:57:20'),
	(2, 'TXID-48939392', 'Deposit', '20000', 'Doris', 'Micheal', 'segtism@gmail.com', '+1564783934', '1525', '2017-12-23 14:57:26'),
	(3, 'TXID-73095459', 'Deposit', '0034445657', 'Ayodeji', 'Akinade', 'business2016@gmail.com', '08033527716', '250', '2017-12-23 14:57:31'),
	(4, 'TXID-94293702', 'Withdraw', '0034445657', 'Ayodeji', 'Akinade', 'business2016@gmail.com', '08033527716', '200', '2017-12-23 15:46:34'),
	(5, 'TXID-50934204', 'Withdraw', '20000', 'Doris', 'Micheal', 'segtism@gmail.com', '+1564783934', '20', '2017-12-23 16:02:16'),
	(6, 'TXID-38992248', 'Withdraw', '0034445657', 'Ayodeji', 'Akinade', 'business2016@gmail.com', '08033527716', '20', '2017-12-23 16:31:34'),
	(7, 'TXID-39031128', 'Deposit', '0034445657', 'Ayodeji', 'Akinade', 'business2016@gmail.com', '08033527716', '35', '2018-01-06 17:32:07'),
	(8, 'TXID-84875916', 'Deposit', '0034445657', 'Ayodeji', 'Akinade', 'business2016@gmail.com', '08033527716', '25', '2018-01-06 17:35:58'),
	(9, 'TXID-45293701', 'Deposit', '0034445657', 'Ayodeji', 'Akinade', 'business2016@gmail.com', '08033527716', '55', '2018-01-06 17:48:19'),
	(10, 'TXID-84558899', 'Deposit', '0034445657', 'Ayodeji', 'Akinade', 'business2016@gmail.com', '08033527716', '10', '2018-01-06 17:49:51'),
	(11, 'TXID-99934205', 'Deposit', '0034445657', 'Ayodeji', 'Akinade', 'business2016@gmail.com', '08033527716', '33', '2018-01-06 17:50:29'),
	(12, 'TXID-89936219', 'Deposit', '0034445657', 'Ayodeji', 'Akinade', 'business2016@gmail.com', '08033527716', '42', '2018-01-06 17:51:15'),
	(13, 'TXID-64374512', 'Deposit', '0034445657', 'Ayodeji', 'Akinade', 'business2016@gmail.com', '08033527716', '20', '2018-01-06 17:57:03'),
	(14, 'TXID-87992249', 'Deposit', '0034445657', 'Ayodeji', 'Akinade', 'business2016@gmail.com', '08033527716', '39', '2018-01-06 17:58:39'),
	(15, 'TXID-39294311', 'Deposit', '0034445657', 'Ayodeji', 'Akinade', 'business2016@gmail.com', '08033527716', '87', '2018-01-06 18:00:23'),
	(16, 'TXID-76812928', 'Deposit', '0034445657', 'Ayodeji', 'Akinade', 'business2016@gmail.com', '08033527716', '100', '2018-01-06 18:03:50'),
	(17, 'TXID-12060791', 'Withdraw', '0034445657', 'Ayodeji', 'Akinade', 'business2016@gmail.com', '08033527716', '250', '2018-01-06 18:21:37'),
	(18, 'TXID-51421692', 'Withdraw', '0034445657', 'Ayodeji', 'Akinade', 'business2016@gmail.com', '08033527716', '200', '2018-01-06 18:25:02'),
	(19, 'TXID-28228637', 'Withdraw', '0034445657', 'Ayodeji', 'Akinade', 'business2016@gmail.com', '08033527716', '50', '2018-01-06 18:26:11');

-- Dumping structure for table loan.transactions
CREATE TABLE IF NOT EXISTS `transactions` (
  `transactionId` int NOT NULL AUTO_INCREMENT,
  `loanId` int NOT NULL,
  `transactionType` varchar(200) NOT NULL COMMENT 'Repayment OR Disbursement',
  `amount` int NOT NULL,
  `userId` int NOT NULL,
  `transactionTime` timestamp NOT NULL DEFAULT CURRENT_TIMESTAMP ON UPDATE CURRENT_TIMESTAMP,
  `transactionRefrence` varchar(45) DEFAULT NULL,
  `captureDate` datetime DEFAULT NULL,
  `repaymentMode` int DEFAULT NULL,
  `reference` varchar(45) DEFAULT NULL,
  `principleAmount` int DEFAULT NULL,
  `interestAmount` int DEFAULT NULL,
  `total` int DEFAULT NULL,
  `user` int DEFAULT NULL,
  PRIMARY KEY (`transactionId`)
) ENGINE=InnoDB AUTO_INCREMENT=26 DEFAULT CHARSET=latin1;

-- Dumping data for table loan.transactions: ~6 rows (approximately)
DELETE FROM `transactions`;
INSERT INTO `transactions` (`transactionId`, `loanId`, `transactionType`, `amount`, `userId`, `transactionTime`, `transactionRefrence`, `captureDate`, `repaymentMode`, `reference`, `principleAmount`, `interestAmount`, `total`, `user`) VALUES
	(20, 5, 'Disbursed', 1000, 1, '2022-07-30 19:44:32', '222', NULL, NULL, NULL, NULL, NULL, NULL, NULL),
	(21, 5, 'Disbursed', 1000, 1, '2022-07-30 19:51:03', '222', NULL, NULL, NULL, NULL, NULL, NULL, NULL),
	(22, 5, 'Disbursed', 99000, 1, '2022-07-30 19:51:34', '95', NULL, NULL, NULL, NULL, NULL, NULL, NULL),
	(23, 6, 'Disbursed', 1000, 1, '2022-07-31 11:24:13', '222', NULL, NULL, NULL, NULL, NULL, NULL, NULL),
	(24, 6, 'Disbursed', 99000, 1, '2022-07-31 11:24:49', '222', NULL, NULL, NULL, NULL, NULL, NULL, NULL),
	(25, 5, 'Repayment', 45, 1, '2022-07-31 21:56:32', '', '2022-08-17 00:00:00', NULL, NULL, NULL, NULL, NULL, NULL);

-- Dumping structure for table loan.twallet
CREATE TABLE IF NOT EXISTS `twallet` (
  `id` int NOT NULL AUTO_INCREMENT,
  `tid` varchar(200) NOT NULL,
  `Total` varchar(200) NOT NULL,
  PRIMARY KEY (`id`)
) ENGINE=InnoDB AUTO_INCREMENT=13 DEFAULT CHARSET=latin1;

-- Dumping data for table loan.twallet: ~2 rows (approximately)
DELETE FROM `twallet`;
INSERT INTO `twallet` (`id`, `tid`, `Total`) VALUES
	(10, 'Loan=21319580', '1025'),
	(12, 'Cryptos?rid=782752', '550');

-- Dumping structure for event loan.update_profit
DELIMITER //
CREATE EVENT `update_profit` ON SCHEDULE EVERY 1 DAY STARTS '2017-03-08 20:45:36' ON COMPLETION NOT PRESERVE ENABLE DO UPDATE ph_list SET Percentage = '727.2' WHERE tracking_id = 'Cryptos?rid=782752'//
DELIMITER ;

-- Dumping structure for table loan.user
CREATE TABLE IF NOT EXISTS `user` (
  `userid` int NOT NULL AUTO_INCREMENT,
  `name` varchar(200) NOT NULL,
  `email` varchar(200) NOT NULL,
  `phone` varchar(200) NOT NULL,
  `addr1` text NOT NULL,
  `addr2` text NOT NULL,
  `city` varchar(200) NOT NULL,
  `state` varchar(200) NOT NULL,
  `zip` varchar(200) NOT NULL,
  `country` varchar(200) NOT NULL,
  `comment` varchar(200) NOT NULL,
  `username` varchar(200) NOT NULL,
  `password` varchar(200) NOT NULL,
  `id` varchar(200) NOT NULL,
  `image` text NOT NULL,
  `role` varchar(200) NOT NULL,
  PRIMARY KEY (`userid`)
) ENGINE=InnoDB AUTO_INCREMENT=483 DEFAULT CHARSET=latin1;

-- Dumping data for table loan.user: ~2 rows (approximately)
DELETE FROM `user`;
INSERT INTO `user` (`userid`, `name`, `email`, `phone`, `addr1`, `addr2`, `city`, `state`, `zip`, `country`, `comment`, `username`, `password`, `id`, `image`, `role`) VALUES
	(467, 'au JJJ', 'at@g.com', '+2334857757769', 'Ghana                    ', 'Ghana										', 'Acra', 'Acra', '23450', 'US', '  Good              ', 'at', 'YXQ=', 'Cryptos?rid=782752', 'img/ac_logo.png', ''),
	(482, 'Admin', 'admin@admin.com', '08101750845', 'address1', 'address2', 'city', 'state', 'zip', 'US', 'comment', 'admin', 'YWRtaW4=', 'Loan=21319580', 'img/bitcoin_3.png', 'admin');

-- Dumping structure for table loan.ward
CREATE TABLE IF NOT EXISTS `ward` (
  `wardId` int NOT NULL AUTO_INCREMENT,
  `subcountyId` int DEFAULT NULL,
  `ward` varchar(45) DEFAULT NULL,
  PRIMARY KEY (`wardId`),
  KEY `ward_subcounty_idx` (`subcountyId`),
  CONSTRAINT `ward_subcounty` FOREIGN KEY (`subcountyId`) REFERENCES `subcounty` (`subcountyId`)
) ENGINE=InnoDB AUTO_INCREMENT=3071 DEFAULT CHARSET=latin1;

-- Dumping data for table loan.ward: ~1,450 rows (approximately)
DELETE FROM `ward`;
INSERT INTO `ward` (`wardId`, `subcountyId`, `ward`) VALUES
	(1024, 1, 'port reitz'),
	(1025, 1, 'kipevu'),
	(1026, 1, 'airport'),
	(1027, 1, 'changamwe'),
	(1028, 1, 'chaani'),
	(1029, 2, 'jomvu kuu'),
	(1030, 2, 'miritini'),
	(1031, 2, 'mikindani'),
	(1032, 3, 'mjambere'),
	(1033, 3, 'junda'),
	(1034, 3, 'bamburi'),
	(1035, 3, 'mwakirunge'),
	(1036, 3, 'mtopanga'),
	(1037, 3, 'magogoni'),
	(1038, 3, 'shanzu'),
	(1039, 4, 'frere town'),
	(1040, 4, 'ziwa la ng\'ombe'),
	(1041, 4, 'mkomani'),
	(1042, 4, 'kongowea'),
	(1043, 4, 'kadzandani'),
	(1044, 4, 'mtongwe'),
	(1045, 4, 'shika adabu'),
	(1046, 4, 'bofu'),
	(1047, 4, 'likoni'),
	(1048, 4, 'timbwani'),
	(1049, 5, 'mji wa kale/makadara'),
	(1050, 5, 'tudor'),
	(1051, 5, 'tononoka'),
	(1052, 5, 'shimanzi/ganjoni'),
	(1053, 5, 'majengo'),
	(1054, 6, 'gombatobongwe'),
	(1055, 6, 'ukunda'),
	(1056, 6, 'kinondo'),
	(1057, 6, 'ramisi'),
	(1058, 7, 'pongwekikoneni'),
	(1059, 7, 'dzombo'),
	(1060, 7, 'mwereni'),
	(1061, 7, 'vanga'),
	(1062, 8, 'tsimba golini'),
	(1063, 8, 'waa'),
	(1064, 8, 'tiwi'),
	(1065, 8, 'kubo south'),
	(1066, 8, 'mkongani'),
	(1067, 9, 'nadavaya'),
	(1068, 9, 'puma'),
	(1069, 9, 'kinango'),
	(1070, 9, 'mackinnon-road'),
	(1071, 9, 'chengoni/samburu'),
	(1072, 9, 'mwavumbo'),
	(1073, 9, 'kasemeni'),
	(1074, 10, 'tezo'),
	(1075, 10, 'sokoni'),
	(1076, 10, 'kibarani'),
	(1077, 10, 'dabaso'),
	(1078, 10, 'matsangoni'),
	(1079, 10, 'watamu'),
	(1080, 10, 'mnarani'),
	(1081, 10, 'junju'),
	(1082, 10, 'mwarakaya'),
	(1083, 10, 'shimo la tewa'),
	(1084, 10, 'chasimba'),
	(1085, 10, 'mtepeni'),
	(1086, 11, 'mariakani'),
	(1087, 11, 'kayafungo'),
	(1088, 11, 'kaloleni'),
	(1089, 11, 'mwanamwinga'),
	(1090, 12, 'mwawesa'),
	(1091, 12, 'ruruma'),
	(1092, 12, 'kambe/ribe'),
	(1093, 12, 'rabai/kisurutini'),
	(1094, 12, 'ganze'),
	(1095, 12, 'bamba'),
	(1096, 12, 'jaribuni'),
	(1097, 12, 'sokoke'),
	(1098, 13, 'jilore'),
	(1099, 13, 'kakuyuni'),
	(1100, 13, 'ganda'),
	(1101, 13, 'malindi town'),
	(1102, 13, 'shella'),
	(1103, 14, 'marafa'),
	(1104, 14, 'magarini'),
	(1105, 14, 'gongoni'),
	(1106, 14, 'adu'),
	(1107, 14, 'garashi'),
	(1108, 14, 'sabaki'),
	(1109, 15, 'kipini east'),
	(1110, 15, 'garsen south'),
	(1111, 15, 'kipini west'),
	(1112, 15, 'garsen central'),
	(1113, 15, 'garsen west'),
	(1114, 15, 'garsen north'),
	(1115, 15, 'kinakomba'),
	(1116, 15, 'mikinduni'),
	(1117, 15, 'chewani'),
	(1118, 15, 'wayu'),
	(1119, 16, 'chewele'),
	(1120, 16, 'bura'),
	(1121, 16, 'bangale'),
	(1122, 16, 'sala'),
	(1123, 16, 'madogo'),
	(1124, 17, 'faza'),
	(1125, 17, 'kiunga'),
	(1126, 17, 'basuba'),
	(1127, 18, 'shella'),
	(1128, 18, 'mkomani'),
	(1129, 18, 'hindi'),
	(1130, 18, 'mkunumbi'),
	(1131, 18, 'hongwe'),
	(1132, 18, 'witu'),
	(1133, 18, 'bahari'),
	(1134, 19, 'chala'),
	(1135, 19, 'mahoo'),
	(1136, 19, 'bomeni'),
	(1137, 19, 'mboghoni'),
	(1138, 19, 'mata'),
	(1139, 20, 'wundanyi/mbale'),
	(1140, 20, 'werugha'),
	(1141, 20, 'wumingu/kishushe'),
	(1142, 20, 'mwanda/mgange'),
	(1143, 21, 'rong\'e'),
	(1144, 21, 'mwatate'),
	(1145, 21, 'bura'),
	(1146, 21, 'chawia'),
	(1147, 21, 'wusi/kishamba'),
	(1148, 22, 'mbololo'),
	(1149, 22, 'sagalla'),
	(1150, 22, 'kaloleni'),
	(1151, 22, 'marungu'),
	(1152, 22, 'kasigau'),
	(1153, 22, 'ngolia'),
	(1154, 23, 'waberi'),
	(1155, 23, 'galbet'),
	(1156, 23, 'township'),
	(1157, 23, 'iftin'),
	(1158, 24, 'balambala'),
	(1159, 24, 'danyere'),
	(1160, 24, 'jara jara'),
	(1161, 24, 'saka'),
	(1162, 24, 'sankuri'),
	(1163, 25, 'modogashe'),
	(1164, 25, 'benane'),
	(1165, 25, 'goreale'),
	(1166, 25, 'maalimin'),
	(1167, 25, 'sabena'),
	(1168, 25, 'baraki'),
	(1169, 26, 'dertu'),
	(1170, 26, 'dadaab'),
	(1171, 26, 'labasigale'),
	(1172, 26, 'damajale'),
	(1173, 26, 'liboi'),
	(1174, 26, 'abakaile'),
	(1175, 27, 'bura'),
	(1176, 27, 'dekaharia'),
	(1177, 27, 'jarajila'),
	(1178, 27, 'fafi'),
	(1179, 27, 'nanighi'),
	(1180, 28, 'hulugho'),
	(1181, 28, 'sangailu'),
	(1182, 28, 'ijara'),
	(1183, 28, 'masalani'),
	(1184, 29, 'gurar'),
	(1185, 29, 'bute'),
	(1186, 29, 'korondile'),
	(1187, 29, 'malkagufu'),
	(1188, 29, 'batalu'),
	(1189, 29, 'danaba'),
	(1190, 29, 'godoma'),
	(1191, 30, 'wagberi'),
	(1192, 30, 'township'),
	(1193, 30, 'barwago'),
	(1194, 30, 'khorof/harar'),
	(1195, 31, 'elben'),
	(1196, 31, 'sarman'),
	(1197, 31, 'tarbaj'),
	(1198, 31, 'wargadud'),
	(1199, 32, 'arbajahan'),
	(1200, 32, 'hadado/athibohol'),
	(1201, 32, 'ademasajide'),
	(1202, 32, 'wagalla/ganyure'),
	(1203, 33, 'eldas'),
	(1204, 33, 'della'),
	(1205, 33, 'lakoley south/basir'),
	(1206, 33, 'elnur/tula tula'),
	(1207, 34, 'benane'),
	(1208, 34, 'burder'),
	(1209, 34, 'dadaja bulla'),
	(1210, 34, 'habasswein'),
	(1211, 34, 'lagboghol south'),
	(1212, 34, 'ibrahim ure'),
	(1213, 34, 'diif'),
	(1214, 35, 'takaba south'),
	(1215, 35, 'takaba'),
	(1216, 35, 'lag sure'),
	(1217, 35, 'dandu'),
	(1218, 35, 'gither'),
	(1219, 36, 'banissa'),
	(1220, 36, 'derkhale'),
	(1221, 36, 'guba'),
	(1222, 36, 'malkamari'),
	(1223, 36, 'kiliwehiri'),
	(1224, 37, 'ashabito'),
	(1225, 37, 'guticha'),
	(1226, 37, 'morothile'),
	(1227, 37, 'rhamu'),
	(1228, 37, 'rhamu-dimtu'),
	(1229, 37, 'wargudud'),
	(1230, 37, 'kutulo'),
	(1231, 37, 'elwak south'),
	(1232, 37, 'elwak north'),
	(1233, 37, 'shimbir fatuma'),
	(1234, 38, 'arabia'),
	(1235, 38, 'bulla mpya'),
	(1236, 38, 'khalalio'),
	(1237, 38, 'neboi'),
	(1238, 38, 'township'),
	(1239, 39, 'libehia'),
	(1240, 39, 'fino'),
	(1241, 39, 'lafey'),
	(1242, 39, 'warankara'),
	(1243, 39, 'alungo gof'),
	(1244, 40, 'butiye'),
	(1245, 40, 'sololo'),
	(1246, 40, 'heilu-manyatta'),
	(1247, 40, 'golbo'),
	(1248, 40, 'moyale township'),
	(1249, 40, 'uran'),
	(1250, 40, 'obbu'),
	(1251, 41, 'illeret'),
	(1252, 41, 'north horr'),
	(1253, 41, 'dukana'),
	(1254, 41, 'maikona'),
	(1255, 41, 'turbi'),
	(1256, 42, 'sagante/jaldesa'),
	(1257, 42, 'karare'),
	(1258, 42, 'marsabit central'),
	(1259, 43, 'loiyangalani'),
	(1260, 43, 'kargi/south horr'),
	(1261, 43, 'korr/ngurunit'),
	(1262, 43, 'log logo'),
	(1263, 43, 'laisamis'),
	(1264, 44, 'wabera'),
	(1265, 44, 'bulla pesa'),
	(1266, 44, 'chari'),
	(1267, 44, 'cherab'),
	(1268, 44, 'ngare mara'),
	(1269, 44, 'burat'),
	(1270, 44, 'oldonyiro'),
	(1271, 45, 'garbatulla'),
	(1272, 45, 'kinna'),
	(1273, 45, 'sericho'),
	(1274, 46, 'maua'),
	(1275, 46, 'kiegoi/antubochiu'),
	(1276, 46, 'athiru gaiti'),
	(1277, 46, 'akachiu'),
	(1278, 46, 'kanuni'),
	(1279, 47, 'akirang\'ondu'),
	(1280, 47, 'athiru ruujine'),
	(1281, 47, 'igembe east'),
	(1282, 47, 'njia'),
	(1283, 47, 'kangeta'),
	(1284, 48, 'antuambui'),
	(1285, 48, 'ntunene'),
	(1286, 48, 'antubetwe kiongo'),
	(1287, 48, 'naathu'),
	(1288, 48, 'amwathi'),
	(1289, 49, 'athwana'),
	(1290, 49, 'akithii'),
	(1291, 49, 'kianjai'),
	(1292, 49, 'nkomo'),
	(1293, 49, 'mbeu'),
	(1294, 50, 'thangatha'),
	(1295, 50, 'mikinduri'),
	(1296, 50, 'kiguchwa'),
	(1297, 50, 'muthara'),
	(1298, 50, 'karama'),
	(1299, 51, 'municipality'),
	(1300, 51, 'ntima east'),
	(1301, 51, 'ntima west'),
	(1302, 51, 'nyaki west'),
	(1303, 51, 'nyaki east'),
	(1304, 52, 'timau'),
	(1305, 52, 'kisima'),
	(1306, 52, 'kiirua/naari'),
	(1307, 52, 'ruiri/rwarera'),
	(1308, 52, 'kibirichia'),
	(1309, 53, 'mwanganthia'),
	(1310, 53, 'abothuguchi central'),
	(1311, 53, 'abothuguchi west'),
	(1312, 53, 'kiagu'),
	(1313, 54, 'mitunguu'),
	(1314, 54, 'igoji east'),
	(1315, 54, 'igoji west'),
	(1316, 54, 'abogeta east'),
	(1317, 54, 'abogeta west'),
	(1318, 54, 'nkuene'),
	(1319, 55, 'mitheru'),
	(1320, 55, 'muthambi'),
	(1321, 55, 'mwimbi'),
	(1322, 55, 'ganga'),
	(1323, 55, 'chogoria'),
	(1324, 56, 'mariani'),
	(1325, 56, 'karingani'),
	(1326, 56, 'magumoni'),
	(1327, 56, 'mugwe'),
	(1328, 56, 'igambang\'ombe'),
	(1329, 57, 'gatunga'),
	(1330, 57, 'mukothima'),
	(1331, 57, 'nkondi'),
	(1332, 57, 'chiakariga'),
	(1333, 57, 'marimanti'),
	(1334, 58, 'ruguru/ngandori'),
	(1335, 58, 'kithimu'),
	(1336, 58, 'nginda'),
	(1337, 58, 'mbeti north'),
	(1338, 58, 'kirimari'),
	(1339, 58, 'gaturi south'),
	(1340, 59, 'gaturi north'),
	(1341, 59, 'kagaari south'),
	(1342, 59, 'central  ward'),
	(1343, 59, 'kagaari north'),
	(1344, 59, 'kyeni north'),
	(1345, 59, 'kyeni south'),
	(1346, 60, 'mwea'),
	(1347, 60, 'makima'),
	(1348, 60, 'mbeti south'),
	(1349, 60, 'mavuria'),
	(1350, 60, 'kiambere'),
	(1351, 61, 'nthawa'),
	(1352, 61, 'muminji'),
	(1353, 61, 'evurore'),
	(1354, 62, 'ngomeni'),
	(1355, 62, 'kyuso'),
	(1356, 62, 'mumoni'),
	(1357, 62, 'tseikuru'),
	(1358, 62, 'tharaka'),
	(1359, 63, 'kyome/thaana'),
	(1360, 63, 'nguutani'),
	(1361, 63, 'migwani'),
	(1362, 63, 'kiomo/kyethani'),
	(1363, 64, 'central'),
	(1364, 64, 'kivou'),
	(1365, 64, 'nguni'),
	(1366, 64, 'nuu'),
	(1367, 64, 'mui'),
	(1368, 64, 'waita'),
	(1369, 65, 'mutonguni'),
	(1370, 65, 'kauwi'),
	(1371, 65, 'matinyani'),
	(1372, 65, 'kwa mutonga/kithumula'),
	(1373, 66, 'kisasi'),
	(1374, 66, 'mbitini'),
	(1375, 66, 'kwavonza/yatta'),
	(1376, 66, 'kanyangi'),
	(1377, 67, 'miambani'),
	(1378, 67, 'township'),
	(1379, 67, 'kyangwithya west'),
	(1380, 67, 'mulango'),
	(1381, 67, 'kyangwithya east'),
	(1382, 68, 'zombe/mwitika'),
	(1383, 68, 'chuluni'),
	(1384, 68, 'nzambani'),
	(1385, 68, 'voo/kyamatu'),
	(1386, 68, 'endau/malalani'),
	(1387, 68, 'mutito/kaliku'),
	(1388, 69, 'ikanga/kyatune'),
	(1389, 69, 'mutomo'),
	(1390, 69, 'mutha'),
	(1391, 69, 'ikutha'),
	(1392, 69, 'kanziko'),
	(1393, 69, 'athi'),
	(1394, 70, 'kivaa'),
	(1395, 70, 'masinga central'),
	(1396, 70, 'ekalakala'),
	(1397, 70, 'muthesya'),
	(1398, 70, 'ndithini'),
	(1399, 71, 'ndalani'),
	(1400, 71, 'matuu'),
	(1401, 71, 'kithimani'),
	(1402, 71, 'ikombe'),
	(1403, 71, 'katangi'),
	(1404, 72, 'kangundo north'),
	(1405, 72, 'kangundo central'),
	(1406, 72, 'kangundo east'),
	(1407, 72, 'kangundo west'),
	(1408, 73, 'tala'),
	(1409, 73, 'matungulu north'),
	(1410, 73, 'matungulu east'),
	(1411, 73, 'matungulu west'),
	(1412, 73, 'kyeleni'),
	(1413, 74, 'mitaboni'),
	(1414, 74, 'kathiani central'),
	(1415, 74, 'upper kaewa/iveti'),
	(1416, 74, 'lower kaewa/kaani'),
	(1417, 75, 'athi river'),
	(1418, 75, 'kinanie'),
	(1419, 75, 'muthwani'),
	(1420, 75, 'syokimau/mulolongo'),
	(1421, 76, 'kalama'),
	(1422, 76, 'mua'),
	(1423, 76, 'mutituni'),
	(1424, 76, 'machakos central'),
	(1425, 76, 'mumbuni north'),
	(1426, 76, 'muvuti/kiima-kimwe'),
	(1427, 76, 'kola'),
	(1428, 77, 'mbiuni'),
	(1429, 77, 'makutano/ mwala'),
	(1430, 77, 'masii'),
	(1431, 77, 'muthetheni'),
	(1432, 77, 'wamunyu'),
	(1433, 77, 'kibauni'),
	(1434, 78, 'tulimani'),
	(1435, 78, 'mbooni'),
	(1436, 78, 'kithungo/kitundu'),
	(1437, 78, 'kisau/kiteta'),
	(1438, 78, 'waia/kako'),
	(1439, 78, 'kalawa'),
	(1440, 79, 'kasikeu'),
	(1441, 79, 'mukaa'),
	(1442, 79, 'kiima kiu/kalanzoni'),
	(1443, 80, 'ukia'),
	(1444, 80, 'kee'),
	(1445, 80, 'kilungu'),
	(1446, 80, 'ilima'),
	(1447, 81, 'wote'),
	(1448, 81, 'muvau/kikuumini'),
	(1449, 81, 'mavindini'),
	(1450, 81, 'kitise/kithuki'),
	(1451, 81, 'kathonzweni'),
	(1452, 81, 'nzaui/kilili/kalamba'),
	(1453, 81, 'mbitini'),
	(1454, 82, 'makindu'),
	(1455, 82, 'nguumo'),
	(1456, 82, 'kikumbulyu north'),
	(1457, 82, 'kikumbulyu south'),
	(1458, 82, 'nguu/masumba'),
	(1459, 82, 'emali/mulala'),
	(1460, 82, 'masongaleni'),
	(1461, 82, 'mtito andei'),
	(1462, 82, 'thange'),
	(1463, 82, 'ivingoni/nzambani'),
	(1464, 83, 'engineer'),
	(1465, 83, 'gathara'),
	(1466, 83, 'north kinangop'),
	(1467, 83, 'murungaru'),
	(1468, 83, 'njabini\\kiburu'),
	(1469, 83, 'nyakio'),
	(1470, 83, 'githabai'),
	(1471, 83, 'magumu'),
	(1472, 84, 'wanjohi'),
	(1473, 84, 'kipipiri'),
	(1474, 84, 'geta'),
	(1475, 84, 'githioro'),
	(1476, 85, 'karau'),
	(1477, 85, 'kanjuiri ridge'),
	(1478, 85, 'mirangine'),
	(1479, 85, 'kaimbaga'),
	(1480, 85, 'rurii'),
	(1481, 85, 'gathanji'),
	(1482, 85, 'gatimu'),
	(1483, 85, 'weru'),
	(1484, 85, 'charagita'),
	(1485, 86, 'leshau pondo'),
	(1486, 86, 'kiriita'),
	(1487, 86, 'central'),
	(1488, 86, 'shamata'),
	(1489, 87, 'dedan kimanthi'),
	(1490, 87, 'wamagana'),
	(1491, 87, 'aguthi/gaaki'),
	(1492, 88, 'mweiga'),
	(1493, 88, 'naromoru kiamathaga'),
	(1494, 88, 'mwiyogo/endarasha'),
	(1495, 88, 'mugunda'),
	(1496, 88, 'gatarakwa'),
	(1497, 88, 'thegu river'),
	(1498, 88, 'kabaru'),
	(1499, 88, 'gakawa'),
	(1500, 89, 'ruguru'),
	(1501, 89, 'magutu'),
	(1502, 89, 'iriaini'),
	(1503, 89, 'konyu'),
	(1504, 89, 'kirimukuyu'),
	(1505, 89, 'karatina town'),
	(1506, 90, 'mahiga'),
	(1507, 90, 'iria-ini'),
	(1508, 90, 'chinga'),
	(1509, 90, 'karima'),
	(1510, 91, 'gikondi'),
	(1511, 91, 'rugi'),
	(1512, 91, 'mukurwe-ini west'),
	(1513, 91, 'mukurwe-ini central'),
	(1514, 92, 'kiganjo/mathari'),
	(1515, 92, 'rware'),
	(1516, 92, 'gatitu/muruguru'),
	(1517, 92, 'ruring\'u'),
	(1518, 92, 'kamakwa/mukaro'),
	(1519, 93, 'mutithi'),
	(1520, 93, 'kangai'),
	(1521, 93, 'thiba'),
	(1522, 93, 'wamumu'),
	(1523, 93, 'nyangati'),
	(1524, 93, 'murinduko'),
	(1525, 93, 'gathigiriri'),
	(1526, 93, 'tebere'),
	(1527, 94, 'kabare'),
	(1528, 94, 'baragwi'),
	(1529, 94, 'njukiini'),
	(1530, 94, 'ngariama'),
	(1531, 94, 'karumandi'),
	(1532, 95, 'mukure'),
	(1533, 95, 'kiine'),
	(1534, 95, 'kariti'),
	(1535, 96, 'mutira'),
	(1536, 96, 'kanyeki-ini'),
	(1537, 96, 'kerugoya'),
	(1538, 96, 'inoi'),
	(1539, 97, 'kanyenyaini'),
	(1540, 97, 'muguru'),
	(1541, 97, 'rwathia'),
	(1542, 98, 'gitugi'),
	(1543, 98, 'kiru'),
	(1544, 98, 'kamacharia'),
	(1545, 99, 'wangu'),
	(1546, 99, 'mugoiri'),
	(1547, 99, 'mbiri'),
	(1548, 99, 'township'),
	(1549, 99, 'murarandia'),
	(1550, 99, 'gaturi'),
	(1551, 100, 'kahumbu'),
	(1552, 100, 'muthithi'),
	(1553, 100, 'kigumo'),
	(1554, 100, 'kangari'),
	(1555, 100, 'kinyona'),
	(1556, 101, 'kimorori/wempa'),
	(1557, 101, 'makuyu'),
	(1558, 101, 'kambiti'),
	(1559, 101, 'kamahuha'),
	(1560, 101, 'ichagaki'),
	(1561, 101, 'nginda'),
	(1562, 102, 'ng\'araria'),
	(1563, 102, 'muruka'),
	(1564, 102, 'kagundu-ini'),
	(1565, 102, 'gaichanjiru'),
	(1566, 102, 'ithiru'),
	(1567, 102, 'ruchu'),
	(1568, 103, 'ithanga'),
	(1569, 103, 'kakuzi/mitubiri'),
	(1570, 103, 'mugumo-ini'),
	(1571, 103, 'kihumbu-ini'),
	(1572, 103, 'gatanga'),
	(1573, 103, 'kariara'),
	(1574, 104, 'kiamwangi'),
	(1575, 104, 'kiganjo'),
	(1576, 104, 'ndarugu'),
	(1577, 104, 'ngenda'),
	(1578, 104, 'gituamba'),
	(1579, 104, 'githobokoni'),
	(1580, 104, 'chania'),
	(1581, 104, 'mang\'u'),
	(1582, 105, 'murera'),
	(1583, 105, 'theta'),
	(1584, 105, 'juja'),
	(1585, 105, 'witeithie'),
	(1586, 105, 'kalimoni'),
	(1587, 106, 'township'),
	(1588, 106, 'kamenu'),
	(1589, 106, 'hospital'),
	(1590, 106, 'gatuanyaga'),
	(1591, 106, 'ngoliba'),
	(1592, 107, 'gitothua'),
	(1593, 107, 'biashara'),
	(1594, 107, 'gatongora'),
	(1595, 107, 'kahawa sukari'),
	(1596, 107, 'kahawa wendani'),
	(1597, 107, 'kiuu'),
	(1598, 107, 'mwiki'),
	(1599, 107, 'mwihoko'),
	(1600, 108, 'githunguri'),
	(1601, 108, 'githiga'),
	(1602, 108, 'ikinu'),
	(1603, 108, 'ngewa'),
	(1604, 108, 'komothai'),
	(1605, 109, 'ting\'ang\'a'),
	(1606, 109, 'ndumberi'),
	(1607, 109, 'riabai'),
	(1608, 109, 'township'),
	(1609, 109, 'cianda'),
	(1610, 109, 'karuri'),
	(1611, 109, 'ndenderu'),
	(1612, 109, 'muchatha'),
	(1613, 109, 'kihara'),
	(1614, 110, 'gitaru'),
	(1615, 110, 'muguga'),
	(1616, 110, 'nyadhuna'),
	(1617, 110, 'kabete'),
	(1618, 110, 'uthiru'),
	(1619, 111, 'karai'),
	(1620, 111, 'nachu'),
	(1621, 111, 'sigona'),
	(1622, 111, 'kikuyu'),
	(1623, 111, 'kinoo'),
	(1624, 112, 'bibirioni'),
	(1625, 112, 'limuru central'),
	(1626, 112, 'ndeiya'),
	(1627, 112, 'limuru east'),
	(1628, 112, 'ngecha tigoni'),
	(1629, 113, 'kinale'),
	(1630, 113, 'kijabe'),
	(1631, 113, 'nyanduma'),
	(1632, 113, 'kamburu'),
	(1633, 113, 'lari/kirenga'),
	(1634, 114, 'kaeris'),
	(1635, 114, 'lake zone'),
	(1636, 114, 'lapur'),
	(1637, 114, 'kaaleng/kaikor'),
	(1638, 114, 'kibish'),
	(1639, 114, 'nakalale'),
	(1640, 115, 'kakuma'),
	(1641, 115, 'lopur'),
	(1642, 115, 'letea'),
	(1643, 115, 'songot'),
	(1644, 115, 'kalobeyei'),
	(1645, 115, 'lokichoggio'),
	(1646, 115, 'nanaam'),
	(1647, 116, 'kerio delta'),
	(1648, 116, 'kang\'atotha'),
	(1649, 116, 'kalokol'),
	(1650, 116, 'lodwar township'),
	(1651, 116, 'kanamkemer'),
	(1652, 117, 'kotaruk/lobei'),
	(1653, 117, 'turkwel'),
	(1654, 117, 'loima'),
	(1655, 117, 'lokiriama/lorengippi'),
	(1656, 118, 'kaputir'),
	(1657, 118, 'katilu'),
	(1658, 118, 'lobokat'),
	(1659, 118, 'kalapata'),
	(1660, 118, 'lokichar'),
	(1661, 119, 'kapedo/napeitom'),
	(1662, 119, 'katilia'),
	(1663, 119, 'lokori/kochodin'),
	(1664, 120, 'riwo'),
	(1665, 120, 'kapenguria'),
	(1666, 120, 'mnagei'),
	(1667, 120, 'siyoi'),
	(1668, 120, 'endugh'),
	(1669, 120, 'sook'),
	(1670, 121, 'sekerr'),
	(1671, 121, 'masool'),
	(1672, 121, 'lomut'),
	(1673, 121, 'weiwei'),
	(1674, 122, 'suam'),
	(1675, 122, 'kodich'),
	(1676, 122, 'kapckok'),
	(1677, 122, 'kasei'),
	(1678, 122, 'kiwawa'),
	(1679, 122, 'alale'),
	(1680, 123, 'chepareria'),
	(1681, 123, 'batei'),
	(1682, 123, 'lelan'),
	(1683, 123, 'tapach'),
	(1684, 124, 'lodokejek'),
	(1685, 124, 'suguta marmar'),
	(1686, 124, 'maralal'),
	(1687, 124, 'loosuk'),
	(1688, 124, 'poro'),
	(1689, 125, 'el-barta'),
	(1690, 125, 'nachola'),
	(1691, 125, 'ndoto'),
	(1692, 125, 'nyiro'),
	(1693, 125, 'angata nanyokie'),
	(1694, 125, 'baawa'),
	(1695, 126, 'waso'),
	(1696, 126, 'wamba west'),
	(1697, 126, 'wamba east'),
	(1698, 126, 'wamba north'),
	(1699, 127, 'kapomboi'),
	(1700, 127, 'kwanza'),
	(1701, 127, 'keiyo'),
	(1702, 127, 'bidii'),
	(1703, 128, 'chepchoina'),
	(1704, 128, 'endebess'),
	(1705, 128, 'matumbei'),
	(1706, 129, 'kinyoro'),
	(1707, 129, 'matisi'),
	(1708, 129, 'tuwani'),
	(1709, 129, 'saboti'),
	(1710, 129, 'machewa'),
	(1711, 130, 'kiminini'),
	(1712, 130, 'waitaluk'),
	(1713, 130, 'sirende'),
	(1714, 130, 'hospital'),
	(1715, 130, 'sikhendu'),
	(1716, 130, 'nabiswa'),
	(1717, 131, 'sinyerere'),
	(1718, 131, 'makutano'),
	(1719, 131, 'kaplamai'),
	(1720, 131, 'motosiet'),
	(1721, 131, 'cherangany/suwerwa'),
	(1722, 131, 'chepsiro/kiptoror'),
	(1723, 131, 'sitatunga'),
	(1724, 132, 'moi\'s bridge'),
	(1725, 132, 'kapkures'),
	(1726, 132, 'ziwa'),
	(1727, 132, 'segero/barsombe'),
	(1728, 132, 'kipsomba'),
	(1729, 132, 'soy'),
	(1730, 132, 'kuinet/kapsuswa'),
	(1731, 133, 'ngenyilel'),
	(1732, 133, 'tapsagoi'),
	(1733, 133, 'kamagut'),
	(1734, 133, 'kiplombe'),
	(1735, 133, 'kapsaos'),
	(1736, 133, 'huruma'),
	(1737, 134, 'tembelio'),
	(1738, 134, 'sergoit'),
	(1739, 134, 'karuna/meibeki'),
	(1740, 134, 'moiben'),
	(1741, 134, 'kimumu'),
	(1742, 135, 'kapsoya'),
	(1743, 135, 'kaptagat'),
	(1744, 135, 'ainabkoi/olare'),
	(1745, 136, 'simat/kapseret'),
	(1746, 136, 'kipkenyo'),
	(1747, 136, 'ngeria'),
	(1748, 136, 'megun'),
	(1749, 136, 'langas'),
	(1750, 137, 'racecourse'),
	(1751, 137, 'cheptiret/kipchamo'),
	(1752, 137, 'tulwet/chuiyat'),
	(1753, 137, 'tarakwa'),
	(1754, 138, 'kapyego'),
	(1755, 138, 'sambirir'),
	(1756, 138, 'endo'),
	(1757, 138, 'embobut / embulot'),
	(1758, 138, 'lelan'),
	(1759, 138, 'sengwer'),
	(1760, 138, 'cherang\'any/chebororwa'),
	(1761, 138, 'moiben/kuserwo'),
	(1762, 138, 'kapsowar'),
	(1763, 138, 'arror'),
	(1764, 139, 'emsoo'),
	(1765, 139, 'kamariny'),
	(1766, 139, 'kapchemutwa'),
	(1767, 139, 'tambach'),
	(1768, 139, 'kaptarakwa'),
	(1769, 139, 'chepkorio'),
	(1770, 139, 'soy north'),
	(1771, 139, 'soy south'),
	(1772, 139, 'kabiemit'),
	(1773, 139, 'metkei'),
	(1774, 140, 'songhor/soba'),
	(1775, 140, 'tindiret'),
	(1776, 140, 'chemelil/chemase'),
	(1777, 140, 'kapsimotwo'),
	(1778, 141, 'kabwareng'),
	(1779, 141, 'terik'),
	(1780, 141, 'kemeloi-maraba'),
	(1781, 141, 'kobujoi'),
	(1782, 141, 'kaptumo-kaboi'),
	(1783, 141, 'koyo-ndurio'),
	(1784, 142, 'nandi hills'),
	(1785, 142, 'chepkunyuk'),
	(1786, 142, 'ol\'lessos'),
	(1787, 142, 'kapchorua'),
	(1788, 143, 'chemundu/kapng\'etuny'),
	(1789, 143, 'kosirai'),
	(1790, 143, 'lelmokwo/ngechek'),
	(1791, 143, 'kaptel/kamoiywo'),
	(1792, 143, 'kiptuya'),
	(1793, 144, 'chepkumia'),
	(1794, 144, 'kapkangani'),
	(1795, 144, 'kapsabet'),
	(1796, 144, 'kilibwoni'),
	(1797, 145, 'chepterwai'),
	(1798, 145, 'kipkaren'),
	(1799, 145, 'kurgung/surungai'),
	(1800, 145, 'kabiyet'),
	(1801, 145, 'ndalat'),
	(1802, 145, 'kabisaga'),
	(1803, 145, 'sangalo/kebulonik'),
	(1804, 146, 'tirioko'),
	(1805, 146, 'kolowa'),
	(1806, 146, 'ribkwo'),
	(1807, 146, 'silale'),
	(1808, 146, 'loiyamorock'),
	(1809, 146, 'tangulbei/korossi'),
	(1810, 146, 'churo/amaya'),
	(1811, 147, 'barwessa'),
	(1812, 147, 'kabartonjo'),
	(1813, 147, 'saimo/kipsaraman'),
	(1814, 147, 'saimo/soi'),
	(1815, 147, 'bartabwa'),
	(1816, 148, 'kabarnet'),
	(1817, 148, 'sacho'),
	(1818, 148, 'tenges'),
	(1819, 148, 'ewalel chapchap'),
	(1820, 148, 'kapropita'),
	(1821, 149, 'marigat'),
	(1822, 149, 'ilchamus'),
	(1823, 149, 'mochongoi'),
	(1824, 149, 'mukutani'),
	(1825, 150, 'mogotio'),
	(1826, 150, 'emining'),
	(1827, 150, 'kisanana'),
	(1828, 151, 'lembus'),
	(1829, 151, 'lembus kwen'),
	(1830, 151, 'ravine'),
	(1831, 151, 'mumberes/maji mazuri'),
	(1832, 151, 'lembus/perkerra'),
	(1833, 151, 'koibatek'),
	(1834, 152, 'olmoran'),
	(1835, 152, 'rumuruti township'),
	(1836, 152, 'kinamba'),
	(1837, 152, 'marmanet'),
	(1838, 152, 'igwamiti'),
	(1839, 152, 'salama'),
	(1840, 153, 'ngobit'),
	(1841, 153, 'tigithi'),
	(1842, 153, 'thingithu'),
	(1843, 153, 'nanyuki'),
	(1844, 153, 'umande'),
	(1845, 154, 'sosian'),
	(1846, 154, 'segera'),
	(1847, 154, 'mukogondo west'),
	(1848, 154, 'mukogondo east'),
	(1849, 155, 'mariashoni'),
	(1850, 155, 'elburgon'),
	(1851, 155, 'turi'),
	(1852, 155, 'molo'),
	(1853, 156, 'maunarok'),
	(1854, 156, 'mauche'),
	(1855, 156, 'kihingo'),
	(1856, 156, 'nessuit'),
	(1857, 156, 'lare'),
	(1858, 156, 'njoro'),
	(1859, 157, 'biashara'),
	(1860, 157, 'hells gate'),
	(1861, 157, 'lakeview'),
	(1862, 157, 'maai-mahiu'),
	(1863, 157, 'maiella'),
	(1864, 157, 'olkaria'),
	(1865, 157, 'naivasha east'),
	(1866, 157, 'viwandani'),
	(1867, 158, 'gilgil'),
	(1868, 158, 'elementaita'),
	(1869, 158, 'mbaruk/eburu'),
	(1870, 158, 'malewa west'),
	(1871, 158, 'murindati'),
	(1872, 159, 'amalo'),
	(1873, 159, 'keringet'),
	(1874, 159, 'kiptagich'),
	(1875, 159, 'tinet'),
	(1876, 160, 'kiptororo'),
	(1877, 160, 'nyota'),
	(1878, 160, 'sirikwa'),
	(1879, 160, 'kamara'),
	(1880, 161, 'subukia'),
	(1881, 161, 'waseges'),
	(1882, 161, 'kabazi'),
	(1883, 162, 'menengai west'),
	(1884, 162, 'soin'),
	(1885, 162, 'visoi'),
	(1886, 162, 'mosop'),
	(1887, 162, 'solai'),
	(1888, 163, 'dundori'),
	(1889, 163, 'kabatini'),
	(1890, 163, 'kiamaina'),
	(1891, 163, 'lanet/umoja'),
	(1892, 163, 'bahati'),
	(1893, 164, 'barut'),
	(1894, 164, 'london'),
	(1895, 164, 'kaptembwo'),
	(1896, 164, 'kapkures'),
	(1897, 164, 'rhoda'),
	(1898, 164, 'shaabab'),
	(1899, 165, 'biashara'),
	(1900, 165, 'kivumbini'),
	(1901, 165, 'flamingo'),
	(1902, 165, 'menengai'),
	(1903, 165, 'nakuru east'),
	(1904, 166, 'kilgoris central'),
	(1905, 166, 'keyian'),
	(1906, 166, 'angata barikoi'),
	(1907, 166, 'shankoe'),
	(1908, 166, 'kimintet'),
	(1909, 166, 'lolgorian'),
	(1910, 167, 'ilkerin'),
	(1911, 167, 'ololmasani'),
	(1912, 167, 'mogondo'),
	(1913, 167, 'kapsasian'),
	(1914, 168, 'olpusimoru'),
	(1915, 168, 'olokurto'),
	(1916, 168, 'narok town'),
	(1917, 168, 'nkareta'),
	(1918, 168, 'olorropil'),
	(1919, 168, 'melili'),
	(1920, 169, 'mosiro'),
	(1921, 169, 'ildamat'),
	(1922, 169, 'keekonyokie'),
	(1923, 169, 'suswa'),
	(1924, 170, 'majimoto/naroosura'),
	(1925, 170, 'ololulung\'a'),
	(1926, 170, 'melelo'),
	(1927, 170, 'loita'),
	(1928, 170, 'sogoo'),
	(1929, 170, 'sagamian'),
	(1930, 171, 'ilmotiok'),
	(1931, 171, 'mara'),
	(1932, 171, 'siana'),
	(1933, 171, 'naikarra'),
	(1934, 172, 'olkeri'),
	(1935, 172, 'ongata rongai'),
	(1936, 172, 'nkaimurunya'),
	(1937, 172, 'oloolua'),
	(1938, 172, 'ngong'),
	(1939, 173, 'purko'),
	(1940, 173, 'ildamat'),
	(1941, 173, 'dalalekutuk'),
	(1942, 173, 'matapato north'),
	(1943, 173, 'matapato south'),
	(1944, 174, 'kaputiei north'),
	(1945, 174, 'kitengela'),
	(1946, 174, 'oloosirkon/sholinke'),
	(1947, 174, 'kenyawa-poka'),
	(1948, 174, 'imaroro'),
	(1949, 174, 'keekonyokie'),
	(1950, 174, 'iloodokilani'),
	(1951, 174, 'magadi'),
	(1952, 174, 'ewuaso oonkidong\'i'),
	(1953, 174, 'mosiro'),
	(1954, 175, 'entonet/lenkisim'),
	(1955, 175, 'mbirikani/eselenkei'),
	(1956, 175, 'kuku'),
	(1957, 175, 'rombo'),
	(1958, 175, 'kimana'),
	(1959, 176, 'londiani'),
	(1960, 176, 'kedowa/kimugul'),
	(1961, 176, 'chepseon'),
	(1962, 176, 'tendeno/sorget'),
	(1963, 177, 'kunyak'),
	(1964, 177, 'kamasian'),
	(1965, 177, 'kipkelion'),
	(1966, 177, 'chilchila'),
	(1967, 178, 'kapsoit'),
	(1968, 178, 'ainamoi'),
	(1969, 178, 'kapkugerwet'),
	(1970, 178, 'kipchebor'),
	(1971, 178, 'kipchimchim'),
	(1972, 178, 'kapsaos'),
	(1973, 179, 'kisiara'),
	(1974, 179, 'tebesonik'),
	(1975, 179, 'cheboin'),
	(1976, 179, 'chemosot'),
	(1977, 179, 'litein'),
	(1978, 179, 'cheplanget'),
	(1979, 179, 'kapkatet'),
	(1980, 179, 'waldai'),
	(1981, 179, 'kabianga'),
	(1982, 179, 'cheptororiet/seretut'),
	(1983, 179, 'chaik'),
	(1984, 179, 'kapsuser'),
	(1985, 180, 'sigowet'),
	(1986, 180, 'kaplelartet'),
	(1987, 180, 'soliat'),
	(1988, 180, 'soin'),
	(1989, 181, 'ndanai/abosi'),
	(1990, 181, 'chemagel'),
	(1991, 181, 'kipsonoi'),
	(1992, 181, 'kapletundo'),
	(1993, 181, 'rongena/manaret'),
	(1994, 182, 'kong\'asis'),
	(1995, 182, 'nyangores'),
	(1996, 182, 'sigor'),
	(1997, 182, 'chebunyo'),
	(1998, 182, 'siongiroi'),
	(1999, 183, 'merigi'),
	(2000, 183, 'kembu'),
	(2001, 183, 'longisa'),
	(2002, 183, 'kipreres'),
	(2003, 183, 'chemaner'),
	(2004, 184, 'silibwet township'),
	(2005, 184, 'ndaraweta'),
	(2006, 184, 'singorwet'),
	(2007, 184, 'chesoen'),
	(2008, 184, 'mutarakwa'),
	(2009, 185, 'chepchabas'),
	(2010, 185, 'kimulot'),
	(2011, 185, 'mogogosiek'),
	(2012, 185, 'boito'),
	(2013, 185, 'embomos'),
	(2014, 186, 'mautuma'),
	(2015, 186, 'lugari'),
	(2016, 186, 'lumakanda'),
	(2017, 186, 'chekalini'),
	(2018, 186, 'chevaywa'),
	(2019, 186, 'lwandeti'),
	(2020, 187, 'likuyani'),
	(2021, 187, 'sango'),
	(2022, 187, 'kongoni'),
	(2023, 187, 'nzoia'),
	(2024, 187, 'sinoko'),
	(2025, 188, 'west kabras'),
	(2026, 188, 'chemuche'),
	(2027, 188, 'east kabras'),
	(2028, 188, 'butali/chegulo'),
	(2029, 188, 'manda-shivanga'),
	(2030, 188, 'shirugu-mugai'),
	(2031, 188, 'south kabras'),
	(2032, 189, 'butsotso east'),
	(2033, 189, 'butsotso south'),
	(2034, 189, 'butsotso central'),
	(2035, 189, 'sheywe'),
	(2036, 189, 'mahiakalo'),
	(2037, 189, 'shirere'),
	(2038, 190, 'ingostse-mathia'),
	(2039, 190, 'shinoyi-shikomari-'),
	(2040, 190, 'bunyala west'),
	(2041, 190, 'bunyala east'),
	(2042, 190, 'bunyala central'),
	(2043, 190, 'mumias central'),
	(2044, 190, 'mumias north'),
	(2045, 190, 'etenje'),
	(2046, 190, 'musanda'),
	(2047, 190, 'lubinu/lusheya'),
	(2048, 190, 'isongo/makunga/malaha'),
	(2049, 190, 'east wanga'),
	(2050, 191, 'koyonzo'),
	(2051, 191, 'kholera'),
	(2052, 191, 'khalaba'),
	(2053, 191, 'mayoni'),
	(2054, 191, 'namamali'),
	(2055, 192, 'marama west'),
	(2056, 192, 'marama central'),
	(2057, 192, 'marenyo - shianda'),
	(2058, 192, 'marama north'),
	(2059, 192, 'marama south'),
	(2060, 193, 'kisa north'),
	(2061, 193, 'kisa east'),
	(2062, 193, 'kisa west'),
	(2063, 193, 'kisa central'),
	(2064, 194, 'isukha north'),
	(2065, 194, 'murhanda'),
	(2066, 194, 'isukha central'),
	(2067, 194, 'isukha south'),
	(2068, 194, 'isukha east'),
	(2069, 194, 'isukha west'),
	(2070, 195, 'idakho south'),
	(2071, 195, 'idakho east'),
	(2072, 195, 'idakho north'),
	(2073, 195, 'idakho central'),
	(2074, 196, 'lugaga-wamuluma'),
	(2075, 196, 'south maragoli'),
	(2076, 196, 'central maragoli'),
	(2077, 196, 'mungoma'),
	(2078, 197, 'lyaduywa/izava'),
	(2079, 197, 'west sabatia'),
	(2080, 197, 'chavakali'),
	(2081, 197, 'north maragoli'),
	(2082, 197, 'wodanga'),
	(2083, 197, 'busali'),
	(2084, 198, 'shiru'),
	(2085, 198, 'muhudu'),
	(2086, 198, 'shamakhokho'),
	(2087, 198, 'gisambai'),
	(2088, 198, 'banja'),
	(2089, 198, 'tambua'),
	(2090, 198, 'jepkoyai'),
	(2091, 199, 'luanda township'),
	(2092, 199, 'wemilabi'),
	(2093, 199, 'mwibona'),
	(2094, 199, 'luanda south'),
	(2095, 199, 'emabungo'),
	(2096, 200, 'north east bunyore'),
	(2097, 200, 'central bunyore'),
	(2098, 200, 'west bunyore'),
	(2099, 201, 'cheptais'),
	(2100, 201, 'chesikaki'),
	(2101, 201, 'chepyuk'),
	(2102, 201, 'kapkateny'),
	(2103, 201, 'kaptama'),
	(2104, 201, 'elgon'),
	(2105, 202, 'namwela'),
	(2106, 202, 'malakisi/south kulisiru'),
	(2107, 202, 'lwandanyi'),
	(2108, 203, 'kabuchai/chwele'),
	(2109, 203, 'west nalondo'),
	(2110, 203, 'bwake/luuya'),
	(2111, 203, 'mukuyuni'),
	(2112, 204, 'south bukusu'),
	(2113, 204, 'bumula'),
	(2114, 204, 'khasoko'),
	(2115, 204, 'kabula'),
	(2116, 204, 'kimaeti'),
	(2117, 204, 'west bukusu'),
	(2118, 204, 'siboti'),
	(2119, 205, 'bukembe west'),
	(2120, 205, 'bukembe east'),
	(2121, 205, 'township'),
	(2122, 205, 'khalaba'),
	(2123, 205, 'musikoma'),
	(2124, 205, 'east sang\'alo'),
	(2125, 205, 'marakaru/tuuti'),
	(2126, 205, 'sang\'alo west'),
	(2127, 206, 'mihuu'),
	(2128, 206, 'ndivisi'),
	(2129, 206, 'maraka'),
	(2130, 206, 'misikhu'),
	(2131, 206, 'sitikho'),
	(2132, 206, 'matulo'),
	(2133, 206, 'bokoli'),
	(2134, 207, 'kimilili'),
	(2135, 207, 'kibingei'),
	(2136, 207, 'maeni'),
	(2137, 207, 'kamukuywa'),
	(2138, 208, 'mbakalo'),
	(2139, 208, 'naitiri/kabuyefwe'),
	(2140, 208, 'milima'),
	(2141, 208, 'ndalu/ tabani'),
	(2142, 208, 'tongaren'),
	(2143, 208, 'soysambu/ mitua'),
	(2144, 209, 'malaba central'),
	(2145, 209, 'malaba north'),
	(2146, 209, 'ang\'urai south'),
	(2147, 209, 'ang\'urai north'),
	(2148, 209, 'ang\'urai east'),
	(2149, 209, 'malaba south'),
	(2150, 210, 'ang\'orom'),
	(2151, 210, 'chakol south'),
	(2152, 210, 'chakol north'),
	(2153, 210, 'amukura west'),
	(2154, 210, 'amukura east'),
	(2155, 210, 'amukura central'),
	(2156, 211, 'nambale township'),
	(2157, 211, 'bukhayo north/waltsi'),
	(2158, 211, 'bukhayo east'),
	(2159, 211, 'bukhayo central'),
	(2160, 212, 'bukhayo west'),
	(2161, 212, 'mayenje'),
	(2162, 212, 'matayos south'),
	(2163, 212, 'busibwabo'),
	(2164, 212, 'burumba'),
	(2165, 213, 'marachi west'),
	(2166, 213, 'kingandole'),
	(2167, 213, 'marachi central'),
	(2168, 213, 'marachi east'),
	(2169, 213, 'marachi north'),
	(2170, 213, 'elugulu'),
	(2171, 214, 'namboboto nambuku'),
	(2172, 214, 'nangina'),
	(2173, 214, 'ageng\'a nanguba'),
	(2174, 214, 'bwiri'),
	(2175, 215, 'bunyala central'),
	(2176, 215, 'bunyala north'),
	(2177, 215, 'bunyala west'),
	(2178, 215, 'bunyala south'),
	(2179, 216, 'west ugenya'),
	(2180, 216, 'ukwala'),
	(2181, 216, 'north ugenya'),
	(2182, 216, 'east ugenya'),
	(2183, 216, 'sidindi'),
	(2184, 216, 'sigomere'),
	(2185, 216, 'ugunja'),
	(2186, 217, 'usonga'),
	(2187, 217, 'west alego'),
	(2188, 217, 'central alego'),
	(2189, 217, 'siaya township'),
	(2190, 217, 'north alego'),
	(2191, 217, 'south east alego'),
	(2192, 218, 'north gem'),
	(2193, 218, 'west gem'),
	(2194, 218, 'central gem'),
	(2195, 218, 'yala township'),
	(2196, 218, 'east gem'),
	(2197, 218, 'south gem'),
	(2198, 219, 'west yimbo'),
	(2199, 219, 'central sakwa'),
	(2200, 219, 'south sakwa'),
	(2201, 219, 'yimbo east'),
	(2202, 219, 'west sakwa'),
	(2203, 219, 'north sakwa'),
	(2204, 220, 'east asembo'),
	(2205, 220, 'west asembo'),
	(2206, 220, 'north uyoma'),
	(2207, 220, 'south uyoma'),
	(2208, 220, 'west uyoma'),
	(2209, 221, 'kajulu'),
	(2210, 221, 'kolwa east'),
	(2211, 221, 'manyatta \'b\''),
	(2212, 221, 'nyalenda \'a\''),
	(2213, 221, 'kolwa central'),
	(2214, 222, 'south west kisumu'),
	(2215, 222, 'central kisumu'),
	(2216, 222, 'kisumu north'),
	(2217, 222, 'west kisumu'),
	(2218, 222, 'north west kisumu'),
	(2219, 223, 'railways'),
	(2220, 223, 'migosi'),
	(2221, 223, 'shaurimoyo kaloleni'),
	(2222, 223, 'market milimani'),
	(2223, 223, 'kondele'),
	(2224, 223, 'nyalenda b'),
	(2225, 224, 'west seme'),
	(2226, 224, 'central seme'),
	(2227, 224, 'east seme'),
	(2228, 224, 'north seme'),
	(2229, 225, 'east kano/wawidhi'),
	(2230, 225, 'awasi/onjiko'),
	(2231, 225, 'ahero'),
	(2232, 225, 'kabonyo/kanyagwal'),
	(2233, 225, 'kobura'),
	(2234, 226, 'miwani'),
	(2235, 226, 'ombeyi'),
	(2236, 226, 'masogo/nyang\'oma'),
	(2237, 226, 'chemelil'),
	(2238, 226, 'muhoroni/koru'),
	(2239, 227, 'south west nyakach'),
	(2240, 227, 'north nyakach'),
	(2241, 227, 'central nyakach'),
	(2242, 227, 'west nyakach'),
	(2243, 227, 'south east nyakach'),
	(2244, 228, 'west kasipul'),
	(2245, 228, 'south kasipul'),
	(2246, 228, 'central kasipul'),
	(2247, 228, 'east kamagak'),
	(2248, 228, 'west kamagak'),
	(2249, 229, 'kabondo east'),
	(2250, 229, 'kabondo west'),
	(2251, 229, 'kokwanyo/kakelo'),
	(2252, 229, 'kojwach'),
	(2253, 230, 'west karachuonyo'),
	(2254, 230, 'north karachuonyo'),
	(2255, 230, 'central'),
	(2256, 230, 'kanyaluo'),
	(2257, 230, 'kibiri'),
	(2258, 230, 'wangchieng'),
	(2259, 230, 'kendu bay town'),
	(2260, 231, 'west gem'),
	(2261, 231, 'east gem'),
	(2262, 231, 'kagan'),
	(2263, 231, 'kochia'),
	(2264, 232, 'homa bay central'),
	(2265, 232, 'homa bay arujo'),
	(2266, 232, 'homa bay west'),
	(2267, 232, 'homa bay east'),
	(2268, 233, 'kwabwai'),
	(2269, 233, 'kanyadoto'),
	(2270, 233, 'kanyikela'),
	(2271, 233, 'north kabuoch'),
	(2272, 233, 'kabuoch south/pala'),
	(2273, 233, 'kanyamwa kologi'),
	(2274, 233, 'kanyamwa kosewe'),
	(2275, 234, 'mfangano island'),
	(2276, 234, 'rusinga island'),
	(2277, 234, 'kasgunga'),
	(2278, 234, 'gembe'),
	(2279, 234, 'lambwe'),
	(2280, 235, 'gwassi south'),
	(2281, 235, 'gwassi north'),
	(2282, 235, 'kaksingri west'),
	(2283, 235, 'ruma kaksingri east'),
	(2284, 236, 'north kamagambo'),
	(2285, 236, 'central kamagambo'),
	(2286, 236, 'east kamagambo'),
	(2287, 236, 'south kamagambo'),
	(2288, 237, 'north sakwa'),
	(2289, 237, 'south sakwa'),
	(2290, 237, 'west sakwa'),
	(2291, 237, 'central sakwa'),
	(2292, 238, 'god jope'),
	(2293, 238, 'suna central'),
	(2294, 238, 'kakrao'),
	(2295, 238, 'kwa'),
	(2296, 239, 'wiga'),
	(2297, 239, 'wasweta ii'),
	(2298, 239, 'ragana-oruba'),
	(2299, 239, 'wasimbete'),
	(2300, 240, 'west kanyamkago'),
	(2301, 240, 'north kanyamkago'),
	(2302, 240, 'central kanyamkago'),
	(2303, 240, 'south kanyamkago'),
	(2304, 240, 'east kanyamkago'),
	(2305, 241, 'kachien\'g'),
	(2306, 241, 'kanyasa'),
	(2307, 241, 'north kadem'),
	(2308, 241, 'macalder/kanyarwanda'),
	(2309, 241, 'kaler'),
	(2310, 241, 'got kachola'),
	(2311, 241, 'muhuru'),
	(2312, 242, 'bukira east'),
	(2313, 242, 'bukira centrl/ikerege'),
	(2314, 242, 'isibania'),
	(2315, 242, 'makerero'),
	(2316, 242, 'masaba'),
	(2317, 242, 'tagare'),
	(2318, 242, 'nyamosense/komosoko'),
	(2319, 243, 'gokeharaka/getambwega'),
	(2320, 243, 'ntimaru west'),
	(2321, 243, 'ntimaru east'),
	(2322, 243, 'nyabasi east'),
	(2323, 243, 'nyabasi west'),
	(2324, 244, 'bomariba'),
	(2325, 244, 'bogiakumu'),
	(2326, 244, 'bomorenda'),
	(2327, 244, 'riana'),
	(2328, 245, 'tabaka'),
	(2329, 245, 'boikang\'a'),
	(2330, 245, 'bogetenga'),
	(2331, 245, 'borabu / chitago'),
	(2332, 245, 'moticho'),
	(2333, 245, 'getenga'),
	(2334, 246, 'bombaba borabu'),
	(2335, 246, 'boochi borabu'),
	(2336, 246, 'bokimonge'),
	(2337, 246, 'magenche'),
	(2338, 247, 'masige west'),
	(2339, 247, 'masige east'),
	(2340, 247, 'bobasi central'),
	(2341, 247, 'nyacheki'),
	(2342, 247, 'bobasi bogetaorio'),
	(2343, 247, 'bobasi chache'),
	(2344, 247, 'sameta/mokwerero'),
	(2345, 247, 'bobasi boitangare'),
	(2346, 248, 'majoge'),
	(2347, 248, 'boochi/tendere'),
	(2348, 248, 'bosoti/sengera'),
	(2349, 249, 'ichuni'),
	(2350, 249, 'nyamasibi'),
	(2351, 249, 'masimba'),
	(2352, 249, 'gesusu'),
	(2353, 249, 'kiamokama'),
	(2354, 250, 'bobaracho'),
	(2355, 250, 'kisii central'),
	(2356, 250, 'keumbu'),
	(2357, 250, 'kiogoro'),
	(2358, 250, 'birongo'),
	(2359, 250, 'ibeno'),
	(2360, 251, 'monyerero'),
	(2361, 251, 'sensi'),
	(2362, 251, 'marani'),
	(2363, 251, 'kegogi'),
	(2364, 252, 'bogusero'),
	(2365, 252, 'bogeka'),
	(2366, 252, 'nyakoe'),
	(2367, 252, 'kitutu   central'),
	(2368, 252, 'nyatieko'),
	(2369, 253, 'rigoma'),
	(2370, 253, 'gachuba'),
	(2371, 253, 'kemera'),
	(2372, 253, 'magombo'),
	(2373, 253, 'manga'),
	(2374, 253, 'gesima'),
	(2375, 254, 'nyamaiya'),
	(2376, 254, 'bogichora'),
	(2377, 254, 'bosamaro'),
	(2378, 254, 'bonyamatuta'),
	(2379, 254, 'township'),
	(2380, 254, 'itibo'),
	(2381, 254, 'bomwagamo'),
	(2382, 254, 'bokeira'),
	(2383, 254, 'magwagwa'),
	(2384, 254, 'ekerenyo'),
	(2385, 255, 'mekenene'),
	(2386, 255, 'kiabonyoru'),
	(2387, 255, 'nyansiongo'),
	(2388, 255, 'esise'),
	(2389, 256, 'kitisuru'),
	(2390, 256, 'parklands/highridge'),
	(2391, 256, 'karura'),
	(2392, 256, 'kangemi'),
	(2393, 256, 'mountain view'),
	(2394, 257, 'kilimani'),
	(2395, 257, 'kawangware'),
	(2396, 257, 'gatina'),
	(2397, 257, 'kileleshwa'),
	(2398, 257, 'kabiro'),
	(2399, 258, 'mutuini'),
	(2400, 258, 'ngando'),
	(2401, 258, 'riruta'),
	(2402, 258, 'uthiru/ruthimitu'),
	(2403, 258, 'waithaka'),
	(2404, 259, 'karen'),
	(2405, 259, 'nairobi west'),
	(2406, 259, 'mugumo-ini'),
	(2407, 259, 'south-c'),
	(2408, 259, 'nyayo highrise'),
	(2409, 260, 'laini saba'),
	(2410, 260, 'lindi'),
	(2411, 260, 'makina'),
	(2412, 260, 'woodley/kenyatta golf'),
	(2413, 260, 'sarangombe'),
	(2414, 261, 'githurai'),
	(2415, 261, 'kahawa west'),
	(2416, 261, 'zimmerman'),
	(2417, 261, 'roysambu'),
	(2418, 261, 'kahawa'),
	(2419, 262, 'claycity'),
	(2420, 262, 'mwiki'),
	(2421, 262, 'kasarani'),
	(2422, 262, 'njiru'),
	(2423, 262, 'ruai'),
	(2424, 263, 'baba dogo'),
	(2425, 263, 'utalii'),
	(2426, 263, 'mathare north'),
	(2427, 263, 'lucky summer'),
	(2428, 263, 'korogocho'),
	(2429, 264, 'imara daima'),
	(2430, 264, 'kwa njenga'),
	(2431, 264, 'kwa reuben'),
	(2432, 264, 'pipeline'),
	(2433, 264, 'kware'),
	(2434, 264, 'kariobangi north'),
	(2435, 264, 'dandora area i'),
	(2436, 264, 'dandora area ii'),
	(2437, 264, 'dandora area iii'),
	(2438, 264, 'dandora area iv'),
	(2439, 265, 'kayole north'),
	(2440, 265, 'kayole central'),
	(2441, 265, 'kayole south'),
	(2442, 265, 'komarock'),
	(2443, 265, 'matopeni'),
	(2444, 266, 'upper savannah'),
	(2445, 266, 'lower savannah'),
	(2446, 266, 'embakasi'),
	(2447, 266, 'utawala'),
	(2448, 266, 'mihango'),
	(2449, 267, 'umoja i'),
	(2450, 267, 'umoja ii'),
	(2451, 267, 'mowlem'),
	(2452, 267, 'kariobangi south'),
	(2453, 268, 'makongeni'),
	(2454, 268, 'maringo/hamza'),
	(2455, 268, 'harambee'),
	(2456, 268, 'viwandani'),
	(2457, 269, 'pumwani'),
	(2458, 269, 'eastleigh north'),
	(2459, 269, 'eastleigh south'),
	(2460, 269, 'airbase'),
	(2461, 269, 'california'),
	(2462, 270, 'nairobi central'),
	(2463, 270, 'ngara'),
	(2464, 270, 'ziwani/kariokor'),
	(2465, 270, 'pangani'),
	(2466, 270, 'landimawe'),
	(2467, 270, 'nairobi south'),
	(2468, 271, 'hospital'),
	(2469, 271, 'mabatini'),
	(2470, 271, 'huruma'),
	(2471, 271, 'ngei'),
	(2472, 271, 'mlango kubwa'),
	(2473, 271, 'kiamaiko');

/*!40103 SET TIME_ZONE=IFNULL(@OLD_TIME_ZONE, 'system') */;
/*!40101 SET SQL_MODE=IFNULL(@OLD_SQL_MODE, '') */;
/*!40014 SET FOREIGN_KEY_CHECKS=IFNULL(@OLD_FOREIGN_KEY_CHECKS, 1) */;
/*!40101 SET CHARACTER_SET_CLIENT=@OLD_CHARACTER_SET_CLIENT */;
/*!40111 SET SQL_NOTES=IFNULL(@OLD_SQL_NOTES, 1) */;
